arm,threshold,phase,split,n_cycles,mean_cvar5,mean_sharpe_cost_adj,mean_veto_rate,baseline_cvar5,baseline_sharpe
Arm_A_0.80,0.8,0,TRAIN,106,-0.1276760469349696,-1.9212696086626835,0.2023584905660377,-0.15135741582972542,-1.6491470173703702
Arm_A_0.80,0.8,1,TRAIN,106,-0.14324917828419523,-1.0626637649608166,0.20471698113207545,-0.15477363167471384,-0.6217374131406778
Arm_A_0.80,0.8,2,TRAIN,106,-0.16536802742272275,-1.3015242898675035,0.20188679245283017,-0.18647976315102774,-1.6244654405333132
Arm_A_0.80,0.8,3,TRAIN,106,-0.1420571855256583,-1.240024921181835,0.2028301886792453,-0.18345416234587975,-1.9977388704424257
Arm_A_0.80,0.8,4,TRAIN,106,-0.1715261389876707,-1.934236868758263,0.19999999999999996,-0.2043210046802896,-1.8401902500066414
Arm_A_0.80,0.8,5,TRAIN,106,-0.15940735677333565,-0.5049294981591059,0.20094339622641508,-0.19031856877757938,-0.6553651434625942
Arm_A_0.80,0.8,6,TRAIN,106,-0.1859845359078339,-1.278310811699989,0.20188679245283014,-0.2035919191619122,-1.2402555285285506
Arm_A_0.80,0.8,7,TRAIN,106,-0.16542747371011343,-1.1638986169821293,0.2023584905660377,-0.1840867124208695,-0.7318365907439929
Arm_A_0.80,0.8,8,TRAIN,106,-0.15149498156391808,-1.373840663155253,0.2070754716981132,-0.16769754983533683,-1.3901768284734841
Arm_A_0.80,0.8,9,TRAIN,105,-0.13457750266586807,-1.0579429537252014,0.19999999999999996,-0.16714040468435634,-0.4147026615045923
Arm_A_0.90,0.9,0,TRAIN,106,-0.1259962322430486,-1.6235784072812913,0.15424528301886792,-0.15135741582972542,-1.6491470173703702
Arm_A_0.90,0.9,1,TRAIN,106,-0.1382092025741905,-1.1192540854117141,0.15754716981132075,-0.15477363167471384,-0.6217374131406778
Arm_A_0.90,0.9,2,TRAIN,106,-0.16684499771646055,-1.624360224301657,0.15707547169811323,-0.18647976315102774,-1.6244654405333132
Arm_A_0.90,0.9,3,TRAIN,106,-0.1467238754106043,-1.1966672642079936,0.1533018867924528,-0.18345416234587975,-1.9977388704424257
Arm_A_0.90,0.9,4,TRAIN,106,-0.1697697228506673,-1.488875800103644,0.1490566037735849,-0.2043210046802896,-1.8401902500066414
Arm_A_0.90,0.9,5,TRAIN,106,-0.17073034573522428,-0.7060033948114156,0.15330188679245282,-0.19031856877757938,-0.6553651434625942
Arm_A_0.90,0.9,6,TRAIN,106,-0.19003157856025973,-1.4287091830197662,0.14716981132075468,-0.2035919191619122,-1.2402555285285506
Arm_A_0.90,0.9,7,TRAIN,106,-0.17590823350037144,-1.6565891313647132,0.1589622641509434,-0.1840867124208695,-0.7318365907439929
Arm_A_0.90,0.9,8,TRAIN,106,-0.1423196252543861,-1.5747566151170225,0.15943396226415096,-0.16769754983533683,-1.3901768284734841
Arm_A_0.90,0.9,9,TRAIN,105,-0.12707895475313966,-0.7542465118185278,0.16142857142857142,-0.16714040468435634,-0.4147026615045923
Arm_A_1.00,1.0,0,TRAIN,106,-0.12170046786889495,-1.5174493965596234,0.12783018867924528,-0.15135741582972542,-1.6491470173703702
Arm_A_1.00,1.0,1,TRAIN,106,-0.13822325857876508,-1.126133857925915,0.12641509433962264,-0.15477363167471384,-0.6217374131406778
Arm_A_1.00,1.0,2,TRAIN,106,-0.17232271651902883,-1.279990163040867,0.11981132075471701,-0.18647976315102774,-1.6244654405333132
Arm_A_1.00,1.0,3,TRAIN,106,-0.1458404902063107,-1.3246219894207958,0.12216981132075473,-0.18345416234587975,-1.9977388704424257
Arm_A_1.00,1.0,4,TRAIN,106,-0.17251663480197008,-1.2374650566805885,0.11792452830188678,-0.2043210046802896,-1.8401902500066414
Arm_A_1.00,1.0,5,TRAIN,106,-0.17031309721575263,-0.7953737397175719,0.11650943396226417,-0.19031856877757938,-0.6553651434625942
Arm_A_1.00,1.0,6,TRAIN,106,-0.18851186560504093,-1.3369793064823765,0.11745283018867926,-0.2035919191619122,-1.2402555285285506
Arm_A_1.00,1.0,7,TRAIN,106,-0.17354419702602017,-1.5118884851822718,0.12028301886792453,-0.1840867124208695,-0.7318365907439929
Arm_A_1.00,1.0,8,TRAIN,106,-0.15004672598762625,-1.5920370298421571,0.12452830188679247,-0.16769754983533683,-1.3901768284734841
Arm_A_1.00,1.0,9,TRAIN,105,-0.13489875132339166,-0.7825770057069786,0.12666666666666668,-0.16714040468435634,-0.4147026615045923
Arm_A_1.10,1.1,0,TRAIN,106,-0.1394298747263473,-1.8280095642951277,0.09952830188679246,-0.15135741582972542,-1.6491470173703702
Arm_A_1.10,1.1,1,TRAIN,106,-0.14176942320233715,-1.076465377007066,0.09952830188679246,-0.15477363167471384,-0.6217374131406778
Arm_A_1.10,1.1,2,TRAIN,106,-0.17562562618009636,-1.630888190945522,0.09622641509433963,-0.18647976315102774,-1.6244654405333132
Arm_A_1.10,1.1,3,TRAIN,106,-0.14380028112341747,-1.7345790697245138,0.094811320754717,-0.18345416234587975,-1.9977388704424257
Arm_A_1.10,1.1,4,TRAIN,106,-0.1714300213543587,-1.409320315410938,0.09528301886792453,-0.2043210046802896,-1.8401902500066414
Arm_A_1.10,1.1,5,TRAIN,106,-0.17226410879027595,-0.901285683424156,0.09292452830188679,-0.19031856877757938,-0.6553651434625942
Arm_A_1.10,1.1,6,TRAIN,106,-0.19450464329111272,-1.366156087027785,0.094811320754717,-0.2035919191619122,-1.2402555285285506
Arm_A_1.10,1.1,7,TRAIN,106,-0.1777126908681015,-1.3430714245561242,0.094811320754717,-0.1840867124208695,-0.7318365907439929
Arm_A_1.10,1.1,8,TRAIN,106,-0.15651369641038873,-1.235586924482017,0.10235849056603773,-0.16769754983533683,-1.3901768284734841
Arm_A_1.10,1.1,9,TRAIN,105,-0.13610429393763812,-0.5935189814014745,0.09904761904761905,-0.16714040468435634,-0.4147026615045923
Arm_A_1.20,1.2,0,TRAIN,106,-0.14388636556422865,-1.8543823161256545,0.0759433962264151,-0.15135741582972542,-1.6491470173703702
Arm_A_1.20,1.2,1,TRAIN,106,-0.14526509785226063,-1.1020207927288368,0.07500000000000001,-0.15477363167471384,-0.6217374131406778
Arm_A_1.20,1.2,2,TRAIN,106,-0.17123326631322913,-1.4177288387920182,0.07500000000000001,-0.18647976315102774,-1.6244654405333132
Arm_A_1.20,1.2,3,TRAIN,106,-0.1485388702464311,-1.4908205347215535,0.07547169811320754,-0.18345416234587975,-1.9977388704424257
Arm_A_1.20,1.2,4,TRAIN,106,-0.17209892193984266,-1.746008492849137,0.07452830188679246,-0.2043210046802896,-1.8401902500066414
Arm_A_1.20,1.2,5,TRAIN,106,-0.17072625232227287,-0.5882734216309514,0.07169811320754718,-0.19031856877757938,-0.6553651434625942
Arm_A_1.20,1.2,6,TRAIN,106,-0.19210061979459025,-1.7307754536555493,0.07358490566037737,-0.2035919191619122,-1.2402555285285506
Arm_A_1.20,1.2,7,TRAIN,106,-0.18663392591324535,-1.1791120222361304,0.07264150943396228,-0.1840867124208695,-0.7318365907439929
Arm_A_1.20,1.2,8,TRAIN,106,-0.16237192705246137,-1.3621907950748373,0.07830188679245284,-0.16769754983533683,-1.3901768284734841
Arm_A_1.20,1.2,9,TRAIN,105,-0.14966370056487943,-0.7701626874800663,0.07714285714285715,-0.16714040468435634,-0.4147026615045923
Arm_A_1.30,1.3,0,TRAIN,106,-0.14367223615481794,-1.9868725893594712,0.06132075471698114,-0.15135741582972542,-1.6491470173703702
Arm_A_1.30,1.3,1,TRAIN,106,-0.14584797031417768,-1.2021453069128452,0.05943396226415095,-0.15477363167471384,-0.6217374131406778
Arm_A_1.30,1.3,2,TRAIN,106,-0.17663924358772412,-1.4325972057433245,0.06132075471698114,-0.18647976315102774,-1.6244654405333132
Arm_A_1.30,1.3,3,TRAIN,106,-0.15416698379184704,-1.4932856541791586,0.0580188679245283,-0.18345416234587975,-1.9977388704424257
Arm_A_1.30,1.3,4,TRAIN,106,-0.17973059386177606,-1.8956876295230651,0.05613207547169812,-0.2043210046802896,-1.8401902500066414
Arm_A_1.30,1.3,5,TRAIN,106,-0.17185911144321522,-0.5014067111991808,0.05613207547169812,-0.19031856877757938,-0.6553651434625942
Arm_A_1.30,1.3,6,TRAIN,106,-0.1910637978749713,-1.7160758991477323,0.05754716981132077,-0.2035919191619122,-1.2402555285285506
Arm_A_1.30,1.3,7,TRAIN,106,-0.1935290300508489,-1.3484816779145568,0.06037735849056605,-0.1840867124208695,-0.7318365907439929
Arm_A_1.30,1.3,8,TRAIN,106,-0.15801372921681237,-1.2952774628923365,0.06415094339622643,-0.16769754983533683,-1.3901768284734841
Arm_A_1.30,1.3,9,TRAIN,105,-0.14442291388120287,-0.5576000829924393,0.06190476190476192,-0.16714040468435634,-0.4147026615045923
Baseline,,0,TRAIN,106,-0.15135741582972542,-1.6491470173703702,0.0,-0.15135741582972542,-1.6491470173703702
Baseline,,1,TRAIN,106,-0.15477363167471384,-0.6217374131406778,0.0,-0.15477363167471384,-0.6217374131406778
Baseline,,2,TRAIN,106,-0.18647976315102774,-1.6244654405333132,0.0,-0.18647976315102774,-1.6244654405333132
Baseline,,3,TRAIN,106,-0.18345416234587975,-1.9977388704424257,0.0,-0.18345416234587975,-1.9977388704424257
Baseline,,4,TRAIN,106,-0.2043210046802896,-1.8401902500066414,0.0,-0.2043210046802896,-1.8401902500066414
Baseline,,5,TRAIN,106,-0.19031856877757938,-0.6553651434625942,0.0,-0.19031856877757938,-0.6553651434625942
Baseline,,6,TRAIN,106,-0.2035919191619122,-1.2402555285285506,0.0,-0.2035919191619122,-1.2402555285285506
Baseline,,7,TRAIN,106,-0.1840867124208695,-0.7318365907439929,0.0,-0.1840867124208695,-0.7318365907439929
Baseline,,8,TRAIN,106,-0.16769754983533683,-1.3901768284734841,0.0,-0.16769754983533683,-1.3901768284734841
Baseline,,9,TRAIN,105,-0.16714040468435634,-0.4147026615045923,0.0,-0.16714040468435634,-0.4147026615045923
