sample_group,signal,lookback_L,n,in_top_n_next_rate,became_instavel_1_rate,log_ret_1_mean,log_ret_1_std,became_instavel_3_rate,log_ret_3_mean,log_ret_3_std,became_instavel_5_rate,log_ret_5_mean,log_ret_5_std
CANDIDATE_IGNITION,CAINDO,1,2082,0.24351585014409222,0.08309317963496637,-0.0001800580751717604,0.04183302885349379,0.13304514889529298,-0.0010727942604973632,0.07540261315294527,0.17675312199807877,-0.0044652765698013335,0.08730936833627986
CANDIDATE_IGNITION,ESTAVEL,1,742,0.192722371967655,0.06064690026954178,-0.0005902071896857544,0.03163439149565657,0.10107816711590296,-0.001526736010316642,0.05181913312657005,0.14420485175202155,-0.0013568145444844645,0.0633369791259228
CANDIDATE_IGNITION,SUBINDO,1,3905,0.22535211267605634,0.0973111395646607,4.04363728118875e-06,0.046108959518876926,0.16107554417413572,-0.002206795048090784,0.07027972235195269,0.20358514724711907,-0.0033338349804242886,0.09358795912381974
CANDIDATE_IGNITION,CAINDO,2,1834,0.2300981461286805,0.07251908396946564,-0.0005723276441910088,0.039818748121366154,0.12322791712104689,-0.002497051234645143,0.07636438243285969,0.15976008724100327,-0.0051229332371312735,0.08502698641165174
CANDIDATE_IGNITION,ESTAVEL,2,462,0.21212121212121213,0.03896103896103896,-0.0010030577474293098,0.02751052958189867,0.09307359307359307,-0.005234587217573087,0.04832974921347417,0.1471861471861472,-0.0041235564740475265,0.06550418039280209
CANDIDATE_IGNITION,SUBINDO,2,4425,0.22779661016949151,0.10101694915254238,0.000148513771263581,0.04612635578676656,0.16045197740112993,-0.001150062150535904,0.06932507736189128,0.20497175141242938,-0.0027766595977539795,0.09235422082766341
CANDIDATE_IGNITION,CAINDO,3,1610,0.23167701863354037,0.06273291925465839,1.3490623242346887e-05,0.038420437273631466,0.10372670807453416,-8.226946697931116e-05,0.07830771512614633,0.1409937888198758,-0.002515136546204999,0.10082095391611386
CANDIDATE_IGNITION,ESTAVEL,3,348,0.1896551724137931,0.05747126436781609,-0.00031165720509610933,0.03256728668936427,0.10057471264367816,-0.0025927271682872443,0.05155749843308349,0.13793103448275862,-0.004150731613202992,0.06671003930214582
CANDIDATE_IGNITION,SUBINDO,3,4756,0.2287636669470143,0.10008410428931876,-0.0002003170596201325,0.04563055205566387,0.1631623212783852,-0.002402849308443396,0.06826797885819662,0.20815811606391926,-0.003773673088367556,0.08574186115871069
CANDIDATE_IGNITION,CAINDO,5,1192,0.2273489932885906,0.06543624161073826,-0.00013235074905864084,0.04058822997016233,0.11241610738255034,-0.0030619609297819236,0.08258241206483893,0.14681208053691275,-0.006982300333940768,0.0910114703307037
CANDIDATE_IGNITION,ESTAVEL,5,260,0.23076923076923078,0.038461538461538464,-0.0017838964120377985,0.02948443162979112,0.09615384615384616,-0.006895860996916219,0.05919682969256868,0.1576923076923077,-0.004382681123949525,0.07215703228419423
CANDIDATE_IGNITION,SUBINDO,5,5251,0.2273852599504856,0.09693391734907636,-8.833203937327102e-05,0.04461345378183484,0.1559702913730718,-0.001362924002197578,0.06746754175595172,0.19977147210055227,-0.002713448803641607,0.08895637687091923
CANDIDATE_IGNITION,CAINDO,10,48,0.10416666666666667,0.3125,-0.007752393263153182,0.04076237169146448,0.375,-0.03463229967919608,0.07279778392085208,0.3958333333333333,-0.044972157210320794,0.09760540378682148
CANDIDATE_IGNITION,ESTAVEL,10,40,0.025,0.1,-0.009490915740466847,0.03199686246184427,0.125,-0.017214795691666087,0.055364272106746965,0.2,-0.025194088284190723,0.0731767743693891
CANDIDATE_IGNITION,SUBINDO,10,6585,0.2302201974183751,0.08777524677296887,-2.4999396803568738e-05,0.0434949662885551,0.14472285497342444,-0.0014473162605137182,0.07000922177098258,0.18754745634016703,-0.0028867434848710775,0.08835294723363453
CONSOLIDADO,CAINDO,1,3297,0.48316651501364877,0.06308765544434335,-0.0002519062965438989,0.04839052723547417,0.11950257810130421,-0.0026540144387317186,0.10054398175385007,0.1640885653624507,-0.003519542664709138,0.11860337696049478
CONSOLIDADO,ESTAVEL,1,4394,0.6986800182066454,0.04460628129267182,-0.00022373676353992233,0.053345940995089686,0.09217114246700045,-0.0004608088192842692,0.09917770522423101,0.1406463359126081,-0.00012287168411843414,0.1358246585049748
CONSOLIDADO,SUBINDO,1,3563,0.5122088127982037,0.07184956497333708,0.0002959147550649606,0.05379936503259415,0.12629806342969407,-0.00022549041967179302,0.09297499869401822,0.17176536626438393,-0.0016278354336908016,0.12118775404558194
CONSOLIDADO,CAINDO,2,3716,0.4997308934337998,0.05893433799784715,-0.00034759308385975187,0.049317157296909844,0.11221743810548977,-0.00312012255421788,0.10235762253910041,0.15823466092572658,-0.004064723074786288,0.12748177569770447
CONSOLIDADO,ESTAVEL,2,3456,0.7010995370370371,0.04282407407407408,0.0006681701893730853,0.05439911569549956,0.09085648148148148,0.002375857020632961,0.09523799756766817,0.13831018518518517,0.002673496757883506,0.12930310102841427
CONSOLIDADO,SUBINDO,2,4082,0.5409113179813817,0.07177853993140618,-0.000435284272722623,0.052544780943258096,0.1268985791278785,-0.0020076159660847685,0.09523472459623868,0.1727094561489466,-0.002959064636242602,0.1227678550963887
CONSOLIDADO,CAINDO,3,3987,0.49059443190368696,0.06069726611487334,-0.0004823868712869715,0.048644329906446,0.1143717080511663,-0.004327405140875637,0.0988489574339322,0.163531477301229,-0.005568846768980096,0.12145391947623832
CONSOLIDADO,ESTAVEL,3,3020,0.7115894039735099,0.04205298013245033,0.0010387857236134567,0.05367098173932571,0.09039735099337748,0.0023371887254802224,0.09476042978416986,0.1337748344370861,0.0022379107982058847,0.12533450809315083
CONSOLIDADO,SUBINDO,3,4247,0.561101954320697,0.0685189545561573,-0.0004645977291958291,0.05403306797580602,0.12243936896632918,-0.00032574701577660895,0.09850174426717367,0.1683541323287026,-0.0005884875296587898,0.1314866435634866
CONSOLIDADO,CAINDO,5,4275,0.4842105263157895,0.0608187134502924,-0.0007543775180673478,0.04830827384654959,0.11789473684210526,-0.0037048746426222813,0.09796894063619488,0.16584795321637427,-0.0054642096199173625,0.12837686411363441
CONSOLIDADO,ESTAVEL,5,2585,0.7098646034816247,0.04061895551257253,0.0004932421458071425,0.052798115895543694,0.08433268858800774,-0.00013581549015641626,0.09154884644241336,0.12688588007736945,0.001881688915059973,0.11971649918654327
CONSOLIDADO,SUBINDO,5,4394,0.5878470641784251,0.0671370050068275,0.0002709701448391547,0.05512477105064724,0.11993627674101047,0.0010493673685799813,0.10076420489291776,0.1670459717796996,0.0001255171333440921,0.12816633368788
CONSOLIDADO,CAINDO,10,4680,0.4544871794871795,0.053418803418803416,-0.0007371847732701476,0.0473456917683449,0.10726495726495726,-0.003299469955891701,0.09601962709670375,0.15042735042735042,-0.003952774012908523,0.1222623440742116
CONSOLIDADO,ESTAVEL,10,2005,0.683291770573566,0.045386533665835414,-0.000493268673726803,0.05462416831961201,0.0942643391521197,-0.0016326276710912746,0.09359467230050902,0.13665835411471322,-0.0017735106054315348,0.12337544876383667
CONSOLIDADO,SUBINDO,10,4569,0.654629021667761,0.06981834099365287,0.0008053706069869402,0.05547091289960598,0.1221273801707157,0.0015619251373138574,0.10098496196065553,0.173560954256949,0.0008997730681767043,0.13170855520575256
IGNITION_TRUE,CAINDO,1,1824,0.4583333333333333,0.10855263157894737,-0.0010819374470161357,0.04886943737485867,0.16337719298245615,-0.0026839446052604504,0.08728720696065678,0.20942982456140352,-0.006506196867828425,0.10893328288505792
IGNITION_TRUE,ESTAVEL,1,1425,0.5943859649122807,0.08912280701754385,-0.003632356893727286,0.05844438530028025,0.14736842105263157,-0.005310728164594899,0.09201210701970877,0.19228070175438597,-0.006922549398328794,0.1118939137276728
IGNITION_TRUE,SUBINDO,1,4350,0.46022988505747126,0.1445977011494253,-0.001115315880888068,0.06070959202095207,0.20482758620689656,-0.003980993127633065,0.09724994012804536,0.24988505747126435,-0.004692516909164014,0.12167304812756388
IGNITION_TRUE,CAINDO,2,1558,0.46084724005134786,0.0982028241335045,-0.003069241451382483,0.050459715856817806,0.14184852374839538,-0.003028494567692175,0.08758485923036084,0.18998716302952504,-0.006179610502526329,0.11075372767062262
IGNITION_TRUE,ESTAVEL,2,957,0.5757575757575758,0.09090909090909091,-0.004050614883701872,0.05930219347575701,0.15673981191222572,-0.008069223140371543,0.09606738967365384,0.1839080459770115,-0.009583070561005025,0.10817565937288491
IGNITION_TRUE,SUBINDO,2,5071,0.47446263064484323,0.1402090317491619,-0.0006626476404122623,0.059209261442164624,0.20212975744429107,-0.003309113022292208,0.09540413236659225,0.24985210017747977,-0.004430624878211853,0.12016492583752413
IGNITION_TRUE,CAINDO,3,1248,0.46314102564102566,0.06971153846153846,-0.0009175381089281168,0.047699275949796616,0.11618589743589744,-0.003161455983099534,0.0878292606296726,0.1594551282051282,-0.005555818590534337,0.1066281716792804
IGNITION_TRUE,ESTAVEL,3,680,0.586764705882353,0.07941176470588235,-0.00576715543226574,0.061217296798509575,0.1411764705882353,-0.007452984701835,0.09579023176213693,0.18529411764705883,-0.010968335010336153,0.11421887612636605
IGNITION_TRUE,SUBINDO,3,5642,0.4760723147819922,0.14303438496986884,-0.0011852002061993095,0.05889382753138912,0.20382842963488124,-0.0034322013520323965,0.09495595505936609,0.24973413683091103,-0.004613583456335703,0.11922344157574921
IGNITION_TRUE,CAINDO,5,788,0.48223350253807107,0.07233502538071065,-0.0011483298625851203,0.05492146481061641,0.11928934010152284,-0.005992996976115687,0.09021093497411128,0.16370558375634517,-0.009696703591550525,0.1114439405389811
IGNITION_TRUE,ESTAVEL,5,364,0.5467032967032966,0.06043956043956044,-0.004910093520215462,0.04753979790804796,0.11813186813186813,-0.006635013560686192,0.07558632962546162,0.1620879120879121,-0.0022407928276847408,0.09811078032090287
IGNITION_TRUE,SUBINDO,5,6381,0.4804889515749882,0.1352452593637361,-0.0012498688684071163,0.057727259475901904,0.1947970537533302,-0.003057020573029919,0.09489613470011304,0.24055790628428145,-0.004715014425435054,0.11821029304582367
IGNITION_TRUE,CAINDO,10,20,0.45,0.4,-0.007716746441090995,0.04087471055019061,0.45,-0.017742916217190312,0.06911999659313958,0.45,-0.04298485611510985,0.14167305214586096
IGNITION_TRUE,ESTAVEL,10,3,0.6666666666666666,0.0,0.02555960076024555,0.030200652331162304,0.0,0.049536705712391126,0.033524389683486644,0.0,0.05720887853088383,0.0369291991619489
IGNITION_TRUE,SUBINDO,10,7445,0.4826057756883815,0.12491605104096709,-0.0013524105788313336,0.05695149829736788,0.18361316319677637,-0.0035160259623414737,0.09369617627799008,0.22968435191403627,-0.00512650494699973,0.11664260551510477
LATERAL_STRENGTH,CAINDO,1,667,0.4737631184407796,0.06296851574212893,0.001116559020589136,0.05483311579620738,0.12143928035982009,0.002125506950228338,0.08596667497278893,0.1724137931034483,0.0009949254033810278,0.10620344928356903
LATERAL_STRENGTH,ESTAVEL,1,527,0.538899430740038,0.056925996204933584,0.0005385315555803191,0.046260845710165796,0.12333965844402277,-0.004896022055242942,0.0770273157259123,0.18026565464895636,-0.007194624215680305,0.11115680099964098
LATERAL_STRENGTH,SUBINDO,1,1118,0.4606440071556351,0.0742397137745975,-0.004966995182009889,0.04701479293533118,0.12880143112701253,-0.00663397082177743,0.0750840987360297,0.1744186046511628,-0.008653520270766608,0.08760379423243568
LATERAL_STRENGTH,CAINDO,2,649,0.4530046224961479,0.0724191063174114,-0.0008942771435504847,0.05352156253014565,0.13405238828967642,-0.0018625864752408023,0.08656606444785832,0.17257318952234207,-0.0019343381431909544,0.10234246691539482
LATERAL_STRENGTH,ESTAVEL,2,397,0.5717884130982368,0.0327455919395466,-0.0009713344570641938,0.034546039100206365,0.10579345088161209,-0.0016361931706252062,0.06979176981839465,0.16120906801007556,-0.0016132796748448285,0.09673566213350188
LATERAL_STRENGTH,SUBINDO,2,1266,0.46919431279620855,0.0750394944707741,-0.002810856217491726,0.05097208413205223,0.12717219589257503,-0.005308753992802851,0.07741724245368223,0.18088467614533965,-0.00861511050116992,0.09782919859647114
LATERAL_STRENGTH,CAINDO,3,594,0.43097643097643096,0.0707070707070707,-0.0017259704073284848,0.055762929590573315,0.14309764309764308,-0.0012483601957937983,0.09170986630334431,0.18518518518518517,-0.0005535742700970727,0.10390023235646059
LATERAL_STRENGTH,ESTAVEL,3,326,0.5613496932515337,0.03680981595092025,-0.0009719778389771051,0.03816971586392216,0.09815950920245399,-0.004587550357664999,0.07165242035316029,0.13803680981595093,-0.0035828423281331055,0.08420221928064682
LATERAL_STRENGTH,SUBINDO,3,1392,0.48563218390804597,0.07255747126436782,-0.0022862488645859318,0.04870219612210592,0.12428160919540229,-0.0045561799519810275,0.07445913678117067,0.17959770114942528,-0.008121952345485914,0.09995142153186988
LATERAL_STRENGTH,CAINDO,5,509,0.38703339882121807,0.07858546168958742,-0.0015585925368636045,0.051741458099112105,0.15520628683693516,-0.0041853507798679645,0.0733406869706696,0.1944990176817289,-0.007237498816592852,0.0966536469204641
LATERAL_STRENGTH,ESTAVEL,5,202,0.5495049504950495,0.054455445544554455,-0.0018298153922118026,0.03685459258501845,0.1188118811881188,-0.0004589367651202529,0.06485119356788568,0.13861386138613863,0.003564398325713082,0.08046469248770127
LATERAL_STRENGTH,SUBINDO,5,1601,0.5040599625234229,0.06495940037476577,-0.002099689760445293,0.04990324027214397,0.11680199875078076,-0.003970156834822492,0.08214124281583769,0.1736414740787008,-0.006145352245142865,0.10174555272770429
LATERAL_STRENGTH,CAINDO,10,33,0.30303030303030304,0.21212121212121213,-0.019889349306775963,0.09417487853442699,0.2727272727272727,-0.026660658870381104,0.09986408178798825,0.36363636363636365,-0.037856984983239854,0.1241726009680068
LATERAL_STRENGTH,ESTAVEL,10,35,0.2571428571428571,0.11428571428571428,-0.0009550484605761356,0.03396478281586682,0.17142857142857143,0.00487149202720394,0.04027440490915763,0.2,-0.016858111142382035,0.18820518064404324
LATERAL_STRENGTH,SUBINDO,10,2244,0.48841354723707664,0.06417112299465241,-0.0017089012449730402,0.048508768336134156,0.12254901960784313,-0.0035071169092190098,0.07894710931804523,0.17201426024955438,-0.00488559402223492,0.09643149929352846
TOPN_30,CAINDO,1,9722,0.37492285537955156,0.07683604196667353,-0.0004472455430760009,0.05018560405104657,0.13094013577453198,-0.0016992353507040688,0.08974651498659703,0.17671261057395599,-0.003453941506102147,0.11029024077030324
TOPN_30,ESTAVEL,1,7552,0.5873940677966102,0.0546875,-0.0007265622727946382,0.05118909824333254,0.10460805084745763,-0.0014678273217863759,0.09040097768326023,0.1526747881355932,-0.0015282304234656577,0.12126741991527216
TOPN_30,SUBINDO,1,14478,0.3811299903301561,0.09953032186766128,-0.0005851858483603455,0.05207110821138389,0.1577565962149468,-0.0023331910543392706,0.08570804054879204,0.20292858129575908,-0.003350091082113594,0.10945483124845386
TOPN_30,CAINDO,2,9755,0.3807278318810866,0.07042542286007175,-0.0008168217852017415,0.050193965503476455,0.1212711430035879,-0.0022649665022989006,0.09115030385965495,0.166376217324449,-0.003624195668353428,0.11347741424480566
TOPN_30,ESTAVEL,2,5615,0.597506678539626,0.04986642920747997,-0.0003896271322953107,0.0515938896522801,0.10365093499554764,2.3679084644698848e-06,0.08943309713306206,0.14888691006233304,-4.31646979596723e-05,0.1174753799362792
TOPN_30,SUBINDO,2,16361,0.39838640669885705,0.0996882831122792,-0.0005028951440597212,0.05177068878088393,0.15750870973656866,-0.0023743708841008097,0.08570456734619444,0.20438848481144184,-0.003509195960837084,0.11034707411021026
TOPN_30,CAINDO,3,9583,0.375873943441511,0.06448919962433476,-0.00048771603562587786,0.04909199164136606,0.11593446728581863,-0.0024231789364956525,0.09154618407622422,0.162788270896379,-0.0037025240406743497,0.11239245437935748
TOPN_30,ESTAVEL,3,4685,0.6113127001067236,0.048665955176093914,-0.00013879933885609802,0.05165228734000704,0.09861259338313767,0.00015755327093013136,0.0892424900264249,0.14023479188900748,-0.000532864384378461,0.11600384611179992
TOPN_30,SUBINDO,3,17440,0.40756880733944956,0.10022935779816514,-0.000744166814728227,0.052243509694869524,0.1584288990825688,-0.0021776306875801663,0.08574381150206697,0.2051605504587156,-0.003098749152466369,0.11176814919537746
TOPN_30,CAINDO,5,9128,0.3714943032427695,0.0649649430324277,-0.0008558342442962615,0.05039581258123015,0.11908413672217354,-0.0032203802145794533,0.09079717134855093,0.16520595968448729,-0.0047177571021521725,0.11742151341669654
TOPN_30,ESTAVEL,5,3634,0.6180517336268575,0.04100165107319758,-0.0002703589717188181,0.04901022379145841,0.08888277380297194,-0.0011749204447087866,0.08498080277886526,0.13126031920748488,0.0012146873062136552,0.11047761662209865
TOPN_30,SUBINDO,5,18898,0.41893322044660813,0.09768229442269023,-0.0004480721663675203,0.05183337024144553,0.15424912689173456,-0.0013334248874963307,0.08715214026544134,0.2010265636575299,-0.002738963143853767,0.11051150518209106
TOPN_30,CAINDO,10,7782,0.352994088923156,0.058982266769468,-0.000691650461687481,0.04978611017724457,0.11128244667180673,-0.0021483535250450794,0.09136631178286941,0.1570290413775379,-0.00238581289786608,0.11808764217838981
TOPN_30,ESTAVEL,10,2347,0.6084363016616958,0.04857264593097571,-0.00010577239768788,0.05213512714744794,0.09757136770345122,-0.0019498528322242222,0.08929704050113454,0.14188325521942907,-0.0027479358623084807,0.12115291071344204
TOPN_30,SUBINDO,10,21436,0.4354823661130808,0.09381414442993095,-0.0005104162658123824,0.05142028517191048,0.15040119425265908,-0.001706949735086153,0.08656996447143425,0.19695838775891025,-0.0029936225567417595,0.1094469443654017
TOPN_ALL,CAINDO,1,5788,0.47425708362128544,0.07740152038700761,-0.0003557781783568956,0.04932930738063091,0.1335521769177609,-0.00211266196072758,0.0949390449681478,0.1793365583966828,-0.003940501038080499,0.11426773327570298
TOPN_ALL,ESTAVEL,1,6346,0.6619918058619603,0.055625590923416325,-0.0009258433316679753,0.05401232814113257,0.10715411282697762,-0.0019181823525994078,0.09596485332578247,0.15553104317680427,-0.0022370151330441935,0.12892360951808338
TOPN_ALL,SUBINDO,1,9031,0.48078839552651975,0.1071863580998782,-0.0010353649012350456,0.05651065551507916,0.16443361753958588,-0.0028277623573515227,0.09310710732542085,0.20972206843096003,-0.003973763909624722,0.11781472952501351
TOPN_ALL,CAINDO,2,5923,0.484382914063819,0.07074117845686308,-0.0011234036716260356,0.050109131179172386,0.12240418706736451,-0.0029582286966688045,0.09701671078559514,0.168158028026338,-0.004387595739282931,0.12071380085065571
TOPN_ALL,ESTAVEL,2,4810,0.6654885654885655,0.05155925155925156,-0.0004060004259217864,0.05411038879858389,0.1051975051975052,-3.344144922375427e-05,0.09366148084078933,0.14927234927234928,-0.00011889101092511574,0.12303275849259283
TOPN_ALL,SUBINDO,2,10419,0.4998560322487763,0.10548037239658317,-0.0008345964638764616,0.055715479245611606,0.1635473653901526,-0.003042180925663713,0.09334163814227986,0.21124868029561378,-0.004362542518191354,0.11873789271874902
TOPN_ALL,CAINDO,3,5829,0.478641276376737,0.06364728083719334,-0.0007022800545061873,0.04922057826085876,0.11768742494424429,-0.0037640053731138956,0.09588006476312243,0.16486532852976496,-0.005054979719565646,0.11673156498029218
TOPN_ALL,ESTAVEL,3,4026,0.678340784898162,0.04793840039741679,-0.0002735711833419275,0.05402000050100809,0.09960258320914059,0.00012288597543558936,0.09336203396801503,0.14282165921510184,-0.00046398007834530584,0.12077251043874655
TOPN_ALL,SUBINDO,3,11281,0.5092633631770234,0.10628490382058328,-0.001049774358547541,0.0559182328986393,0.1633720414856839,-0.0024013943885584283,0.09406979366633897,0.21044233667228082,-0.003531149903734005,0.12188905168288093
TOPN_ALL,CAINDO,5,5572,0.47505384063173006,0.06407035175879397,-0.0008835555317154632,0.04961528528971972,0.12150035893754486,-0.004072355395072184,0.09490347429249052,0.16816223977027997,-0.0062247640798518125,0.12351700806632503
TOPN_ALL,ESTAVEL,5,3151,0.6807362741986671,0.043795620437956206,-0.0002798685508326716,0.051363221166228754,0.0904474769914313,-0.0009073098079017463,0.08837200630538868,0.1317042208822596,0.0015133372637089262,0.11526779614548006
TOPN_ALL,SUBINDO,5,12376,0.5216548157724629,0.1019715578539108,-0.0008198427391205139,0.05585655293607015,0.15812863606981253,-0.001717206621809493,0.09552540361156192,0.20580155138978667,-0.003181455535654563,0.11992626565017662
TOPN_ALL,CAINDO,10,4733,0.4534122121276146,0.055989858440735264,-0.000900213013912892,0.04783457536643283,0.10986689203465033,-0.0035233846314471884,0.09597335435707681,0.1531798013944644,-0.004354100994540672,0.12242264146324205
TOPN_ALL,ESTAVEL,10,2043,0.6759667156142927,0.0465002447381302,-0.0004629229489288635,0.05431761000059895,0.09544787077826726,-0.0014460627226865858,0.09290317334905719,0.13754282917278512,-0.001945323552756215,0.12472443185165803
TOPN_ALL,SUBINDO,10,14258,0.5386449712442137,0.09769953710197783,-0.000717052381105025,0.05523685759930559,0.15429934072099874,-0.0018873858662878887,0.09401354632485802,0.202623088792257,-0.003157458210675325,0.11888864351761493
