date,variant,equity,cash_free,cash_pending,n_tickers,max_concentration,cost_total_cum,ret_cash,regime_defensive_used,rebalance_cadence,is_rebalance_day,inter_rebalance_age,equity_base100
2024-06-05,ARM_V0,100021.1507936508,100021.1507936508,0.0,0,0.0,0.0,0.00021150793650793651,0,10,1,-1,100.0
2024-06-06,ARM_V0,100042.3060608623,100042.3060608623,0.0,0,0.0,0.0,0.00021150793650793651,0,10,0,-1,100.02115079365079
2024-06-07,ARM_V0,100063.46580258073,100063.46580258073,0.0,0,0.0,0.0,0.00021150793650793651,0,10,0,-1,100.04230606086229
2024-06-10,ARM_V0,100084.63001975247,100084.63001975247,0.0,0,0.0,0.0,0.00021150793650793651,0,10,0,-1,100.06346580258072
2024-06-11,ARM_V0,100105.79871332411,100105.79871332411,0.0,0,0.0,0.0,0.00021150793650793651,0,10,0,-1,100.08463001975247
2024-06-12,ARM_V0,100126.97188424245,100126.97188424245,0.0,0,0.0,0.0,0.00021150793650793651,0,10,0,-1,100.1057987133241
2024-06-13,ARM_V0,100148.14953345447,100148.14953345447,0.0,0,0.0,0.0,0.00021150793650793651,0,10,0,-1,100.12697188424244
2024-06-14,ARM_V0,100169.33166190739,100169.33166190739,0.0,0,0.0,0.0,0.00021150793650793651,0,10,0,-1,100.14814953345447
2024-06-17,ARM_V0,100190.51827054858,100190.51827054858,0.0,0,0.0,0.0,0.00021150793650793651,0,10,0,-1,100.16933166190738
2024-06-18,ARM_V0,100211.70936032564,100211.70936032564,0.0,0,0.0,0.0,0.00021150793650793651,0,10,0,-1,100.19051827054857
2024-06-20,ARM_V0,100232.90493218637,100232.90493218637,0.0,0,0.0,0.0,0.00021150793650793651,0,10,1,-1,100.21170936032564
2024-06-21,ARM_V0,100254.10498707877,100254.10498707877,0.0,0,0.0,0.0,0.00021150793650793651,0,10,0,-1,100.23290493218636
2024-06-24,ARM_V0,100275.30952595103,100275.30952595103,0.0,0,0.0,0.0,0.00021150793650793651,0,10,0,-1,100.25410498707876
2024-06-25,ARM_V0,100296.51854975156,100296.51854975156,0.0,0,0.0,0.0,0.00021150793650793651,0,10,0,-1,100.27530952595103
2024-06-26,ARM_V0,100317.73205942895,100317.73205942895,0.0,0,0.0,0.0,0.00021150793650793651,0,10,0,-1,100.29651854975154
2024-06-27,ARM_V0,100338.950055932,100338.950055932,0.0,0,0.0,0.0,0.00021150793650793651,0,10,0,-1,100.31773205942895
2024-06-28,ARM_V0,100360.1725402097,100360.1725402097,0.0,0,0.0,0.0,0.00021150793650793651,0,10,0,-1,100.338950055932
2024-07-01,ARM_V0,100381.39951321126,100381.39951321126,0.0,0,0.0,0.0,0.00021150793650793651,0,10,0,-1,100.3601725402097
2024-07-02,ARM_V0,100402.63097588607,100402.63097588607,0.0,0,0.0,0.0,0.00021150793650793651,0,10,0,-1,100.38139951321125
2024-07-03,ARM_V0,100423.86692918374,100423.86692918374,0.0,0,0.0,0.0,0.00021150793650793651,0,10,0,-1,100.40263097588607
2024-07-05,ARM_V0,100445.10737405407,100445.10737405407,0.0,0,0.0,0.0,0.00021150793650793651,0,10,1,-1,100.42386692918373
2024-07-08,ARM_V0,100466.35231144707,100466.35231144707,0.0,0,0.0,0.0,0.00021150793650793651,0,10,0,-1,100.44510737405406
2024-07-09,ARM_V0,100487.60174231295,100487.60174231295,0.0,0,0.0,0.0,0.00021150793650793651,0,10,0,-1,100.46635231144707
2024-07-10,ARM_V0,100508.8556676021,100508.8556676021,0.0,0,0.0,0.0,0.00021150793650793651,0,10,0,-1,100.48760174231295
2024-07-11,ARM_V0,100530.11408826512,100530.11408826512,0.0,0,0.0,0.0,0.00021150793650793651,0,10,0,-1,100.50885566760208
2024-07-12,ARM_V0,100551.37700525284,100551.37700525284,0.0,0,0.0,0.0,0.00021150793650793651,0,10,0,-1,100.53011408826511
2024-07-15,ARM_V0,100572.64441951625,100572.64441951625,0.0,0,0.0,0.0,0.00021150793650793651,0,10,0,-1,100.55137700525283
2024-07-16,ARM_V0,100593.91633200657,100593.91633200657,0.0,0,0.0,0.0,0.00021150793650793651,0,10,0,-1,100.57264441951625
2024-07-17,ARM_V0,100615.1927436752,100615.1927436752,0.0,0,0.0,0.0,0.00021150793650793651,0,10,0,-1,100.59391633200656
2024-07-18,ARM_V0,100636.47365547376,100636.47365547376,0.0,0,0.0,0.0,0.00021150793650793651,0,10,0,-1,100.61519274367518
2024-07-19,ARM_V0,100657.75906835406,100657.75906835406,0.0,0,0.0,0.0,0.00021150793650793651,0,10,1,-1,100.63647365547375
2024-07-22,ARM_V0,100679.04898326812,100679.04898326812,0.0,0,0.0,0.0,0.00021150793650793651,0,10,0,-1,100.65775906835405
2024-07-23,ARM_V0,100700.34340116815,100700.34340116815,0.0,0,0.0,0.0,0.00021150793650793651,0,10,0,-1,100.67904898326812
2024-07-24,ARM_V0,100721.64232300657,100721.64232300657,0.0,0,0.0,0.0,0.00021150793650793651,0,10,0,-1,100.70034340116814
2024-07-25,ARM_V0,100742.945749736,100742.945749736,0.0,0,0.0,0.0,0.00021150793650793651,0,10,0,-1,100.72164232300655
2024-07-26,ARM_V0,100764.25368230925,100764.25368230925,0.0,0,0.0,0.0,0.00021150793650793651,0,10,0,-1,100.742945749736
2024-07-29,ARM_V0,100785.56612167935,100785.56612167935,0.0,0,0.0,0.0,0.00021150793650793651,0,10,0,-1,100.76425368230923
2024-07-30,ARM_V0,100806.88306879954,100806.88306879954,0.0,0,0.0,0.0,0.00021150793650793651,0,10,0,-1,100.78556612167935
2024-07-31,ARM_V0,100828.20452462322,100828.20452462322,0.0,0,0.0,0.0,0.00021150793650793651,0,10,0,-1,100.80688306879952
2024-08-01,ARM_V0,100849.53049010402,100849.53049010402,0.0,0,0.0,0.0,0.00021150793650793651,0,10,0,-1,100.82820452462322
2024-08-02,ARM_V0,100870.86096619577,100870.86096619577,0.0,0,0.0,0.0,0.00021150793650793651,0,10,1,-1,100.84953049010402
2024-08-05,ARM_V0,100892.19595385251,100892.19595385251,0.0,0,0.0,0.0,0.00021150793650793651,0,10,0,-1,100.87086096619578
2024-08-06,ARM_V0,100913.53545402846,100913.53545402846,0.0,0,0.0,0.0,0.00021150793650793651,0,10,0,-1,100.89219595385251
2024-08-07,ARM_V0,100934.87946767807,100934.87946767807,0.0,0,0.0,0.0,0.00021150793650793651,0,10,0,-1,100.91353545402846
2024-08-08,ARM_V0,100956.22799575595,100956.22799575595,0.0,0,0.0,0.0,0.00021150793650793651,0,10,0,-1,100.93487946767806
2024-08-09,ARM_V0,100977.58103921695,100977.58103921695,0.0,0,0.0,0.0,0.00021150793650793651,0,10,0,-1,100.95622799575594
2024-08-12,ARM_V0,100998.93859901612,100998.93859901612,0.0,0,0.0,0.0,0.00021150793650793651,0,10,0,-1,100.97758103921694
2024-08-13,ARM_V0,101020.30067610869,101020.30067610869,0.0,0,0.0,0.0,0.00021150793650793651,0,10,0,-1,100.99893859901611
2024-08-14,ARM_V0,101041.6672714501,101041.6672714501,0.0,0,0.0,0.0,0.00021150793650793651,0,10,0,-1,101.02030067610868
2024-08-15,ARM_V0,101063.03838599601,101063.03838599601,0.0,0,0.0,0.0,0.00021150793650793651,0,10,0,-1,101.0416672714501
2024-08-16,ARM_V0,101084.41402070226,101084.41402070226,0.0,0,0.0,0.0,0.00021150793650793651,0,10,1,-1,101.06303838599602
2024-08-19,ARM_V0,101105.79417652488,101105.79417652488,0.0,0,0.0,0.0,0.00021150793650793651,0,10,0,-1,101.08441402070225
2024-08-20,ARM_V0,101127.17885442016,101127.17885442016,0.0,0,0.0,0.0,0.00021150793650793651,0,10,0,-1,101.10579417652488
2024-08-21,ARM_V0,101148.56805534453,101148.56805534453,0.0,0,0.0,0.0,0.00021150793650793651,0,10,0,-1,101.12717885442015
2024-08-22,ARM_V0,101169.96178025464,101169.96178025464,0.0,0,0.0,0.0,0.00021150793650793651,0,10,0,-1,101.14856805534451
2024-08-23,ARM_V0,101191.36003010737,101191.36003010737,0.0,0,0.0,0.0,0.00021150793650793651,0,10,0,-1,101.16996178025464
2024-08-26,ARM_V0,101212.76280585978,101212.76280585978,0.0,0,0.0,0.0,0.00021150793650793651,0,10,0,-1,101.19136003010738
2024-08-27,ARM_V0,101234.17010846912,101234.17010846912,0.0,0,0.0,0.0,0.00021150793650793651,0,10,0,-1,101.21276280585978
2024-08-28,ARM_V0,101255.58193889285,101255.58193889285,0.0,0,0.0,0.0,0.00021150793650793651,0,10,0,-1,101.23417010846912
2024-08-29,ARM_V0,101276.99829808866,101276.99829808866,0.0,0,0.0,0.0,0.00021150793650793651,0,10,0,-1,101.25558193889283
2024-08-30,ARM_V0,101298.4191870144,101298.4191870144,0.0,0,0.0,0.0,0.00021150793650793651,0,10,1,-1,101.27699829808864
2024-09-03,ARM_V0,101319.84460662816,101319.84460662816,0.0,0,0.0,0.0,0.00021150793650793651,0,10,0,-1,101.29841918701439
2024-09-04,ARM_V0,101341.27455788822,101341.27455788822,0.0,0,0.0,0.0,0.00021150793650793651,0,10,0,-1,101.31984460662815
2024-09-05,ARM_V0,101362.70904175304,101362.70904175304,0.0,0,0.0,0.0,0.00021150793650793651,0,10,0,-1,101.34127455788821
2024-09-06,ARM_V0,101384.14805918132,101384.14805918132,0.0,0,0.0,0.0,0.00021150793650793651,0,10,0,-1,101.36270904175304
2024-09-09,ARM_V0,101405.59161113192,101405.59161113192,0.0,0,0.0,0.0,0.00021150793650793651,0,10,0,-1,101.3841480591813
2024-09-10,ARM_V0,101427.03969856395,101427.03969856395,0.0,0,0.0,0.0,0.00021150793650793651,0,10,0,-1,101.40559161113191
2024-09-11,ARM_V0,101448.49232243671,101448.49232243671,0.0,0,0.0,0.0,0.00021150793650793651,0,10,0,-1,101.42703969856395
2024-09-12,ARM_V0,101469.94948370967,101469.94948370967,0.0,0,0.0,0.0,0.00021150793650793651,0,10,0,-1,101.4484923224367
2024-09-13,ARM_V0,101491.41118334254,101491.41118334254,0.0,0,0.0,0.0,0.00021150793650793651,0,10,0,-1,101.46994948370967
2024-09-16,ARM_V0,101466.13610029696,198.17610029694205,0.0,20,0.050011168208711834,25.316989999999997,0.00021150793650793651,0,10,1,0,101.44467974541429
2024-09-17,ARM_V0,101436.22693170402,0.7869317040465369,0.0,20,0.05836149646995305,25.366324999999996,0.00021150793650793651,1,10,0,1,101.41477690151018
2024-09-18,ARM_V0,101178.48709814636,0.7870981463474325,0.0,20,0.05451257632118762,25.366324999999996,0.00021150793650793651,1,10,0,2,101.15709157044515
2024-09-19,ARM_V0,101570.54708650683,0.7872490068254824,1240.3398375000002,20,0.0540944216370171,25.676487499999997,0.00019166666666666667,1,10,0,3,101.54906865254183
2024-09-20,ARM_V0,101607.71695158345,0.15695158344791815,0.0,23,0.053168993085183275,25.986652499999998,0.00019166666666666667,1,10,0,4,101.58623065755945
2024-09-23,ARM_V0,100940.29564416582,0.15698166583474565,1285.0286625,22,0.05849081342908912,26.307989999999997,0.00019166666666666667,1,10,0,5,100.91895048519415
2024-09-24,ARM_V0,100936.6550793352,1.4750793351960343,0.0,24,0.05776979626892551,26.628837499999996,0.00019166666666666667,1,10,0,6,100.91531069020905
2024-09-25,ARM_V0,100050.16761205872,1.47536205873528,4069.98225,24,0.0592758627151486,27.646587499999995,0.00019166666666666667,1,10,0,7,100.02901068241835
2024-09-26,ARM_V0,100350.80028475646,0.6402847564632378,0.0,25,0.05957819950647849,28.664037499999996,0.00019166666666666667,1,10,0,8,100.32957978236598
2024-09-27,ARM_V0,102467.25040747774,0.6404074777082265,0.0,25,0.06566624919906082,28.664037499999996,0.00019166666666666667,0,10,0,9,102.44558235374974
2024-09-30,ARM_V0,102591.17151272247,0.6405302224747872,42625.410982500005,18,0.060035282853127404,39.32305499999999,0.00019166666666666667,0,10,1,0,102.56947725423973
2024-10-01,ARM_V0,100461.83805098331,0.8780509833334033,0.0,25,0.05815730742488454,49.97668499999998,0.00019166666666666667,0,10,0,1,100.44059406819031
2024-10-02,ARM_V0,101810.20821927644,0.8782192764385421,0.0,25,0.06037145103133434,49.97668499999998,0.00019166666666666667,1,10,0,2,101.78867910579889
2024-10-03,ARM_V0,101080.16838760182,0.8783876017998594,0.0,25,0.05792679309305728,49.97668499999998,0.00019166666666666667,1,10,0,3,101.05879365069077
2024-10-04,ARM_V0,103583.41855595942,0.8785559594235377,0.0,25,0.05988796359958621,49.97668499999998,0.00019166666666666667,1,10,0,4,103.56151447373144
2024-10-07,ARM_V0,100689.9187243493,0.8787243493157605,0.0,25,0.06085455304393084,49.97668499999998,0.00019166666666666667,1,10,0,5,100.6686265108849
2024-10-08,ARM_V0,100732.17544277149,0.8788927714827126,3252.98655,24,0.059132347473067885,50.790134999999985,0.00019166666666666667,1,10,0,6,100.71087429356574
2024-10-09,ARM_V0,100281.41496790841,6.314967908388615,0.0,25,0.06533832816476325,51.60181999999998,0.00019166666666666667,1,10,0,7,100.26020913795979
2024-10-10,ARM_V0,99574.83617827724,6.316178277237722,0.0,25,0.06379784535749872,51.60181999999998,0.00019166666666666667,1,10,0,8,99.55377976374784
2024-10-11,ARM_V0,102808.3073888781,6.317388878074192,0.0,25,0.0666440307599229,51.60181999999998,0.00019166666666666667,1,10,0,9,102.78656721414589
2024-10-14,ARM_V0,102795.20517658629,0.23591408627582286,46551.3092625,17,0.06007089522699337,63.24407749999998,0.00019166666666666667,0,10,1,0,102.77346777248995
2024-10-15,ARM_V0,104493.94220450864,4.542204508648259,0.0,26,0.061388439029752884,74.87791999999997,0.00019166666666666667,0,10,0,1,104.47184558002682
2024-10-16,ARM_V0,107663.85107854794,0.021078547929083574,0.0,28,0.0649591290850036,74.87904999999998,0.00019166666666666667,0,10,0,2,107.64108413495907
2024-10-17,ARM_V0,107307.15108258798,0.021082587984103313,0.0,28,0.07616081423790695,74.87904999999998,0.00019166666666666667,1,10,0,3,107.28445956792541
2024-10-18,ARM_V0,109498.70108662882,0.021086628813466932,0.0,28,0.08815556626889288,74.87904999999998,0.00019166666666666667,1,10,0,4,109.4755461397667
2024-10-21,ARM_V0,109708.03109067041,0.021090670417322845,0.0,28,0.09248511616815305,74.87904999999998,0.00019166666666666667,1,10,0,5,109.68483187821363
2024-10-22,ARM_V0,109572.4431947128,0.0210947127958195,0.0,28,0.08471874614956039,74.87904999999998,0.00019166666666666667,1,10,0,6,109.54927265410778
2024-10-23,ARM_V0,107134.62609875592,0.021098755949105364,0.0,28,0.08376787530604182,74.87904999999998,0.00019166666666666667,1,10,0,7,107.11197106678027
2024-10-24,ARM_V0,107742.13840279987,0.02110279987732894,0.0,28,0.08143499033960137,74.87904999999998,0.00019166666666666667,1,10,0,8,107.7193549043221
2024-10-25,ARM_V0,108106.28313434459,0.02110684458063876,4861.0744275,27,0.0844413454549701,76.09462249999997,0.00019166666666666667,1,10,0,9,108.08342263265283
2024-10-28,ARM_V0,109181.18841112423,0.10060862420524609,47500.911802500006,18,0.06002242781351056,89.18776499999998,0.00019166666666666667,1,10,1,0,109.15810060651181
2024-10-29,ARM_V0,111686.33457421421,10.074574214229617,0.0,25,0.07297168477298772,101.0575325,0.00019166666666666667,1,10,0,1,111.66271702335173
2024-10-30,ARM_V0,109569.86002492797,3.1934661779540114,5600.3645587500005,25,0.07365529168481116,102.45969375,0.00019166666666666667,1,10,0,2,109.54669003056831
2024-10-31,ARM_V0,107862.71894916624,1.1179791662325622,3058.15527,27,0.057734498635574553,104.62468375,0.00019166666666666667,1,10,0,3,107.83990995233901
2024-11-01,ARM_V0,108135.60103047159,3.1900304715729932,0.0,29,0.06146393913441232,105.38851375,0.00019166666666666667,1,10,0,4,108.11273432912341
2024-11-04,ARM_V0,104078.5351031441,3.1906418940800445,2421.5494612499997,29,0.0629092251683912,105.9940525,0.00019166666666666667,1,10,0,5,104.05652632198155
2024-11-05,ARM_V0,107574.21781045591,0.6643629559116759,10663.5434475,30,0.06389467792469436,109.26647249999999,0.00019166666666666667,1,10,0,6,107.55146982100567
2024-11-06,ARM_V0,111844.21498344818,5.7949834482280025,0.0,33,0.06790784844011824,111.93041,0.00019166666666666667,1,10,0,7,111.8205640466875
2024-11-07,ARM_V0,113671.06117051773,1.2240755177430789,4266.153195,33,0.06891569339929582,112.9983575,0.00019166666666666667,0,10,0,8,113.6470239229975
2024-11-08,ARM_V0,118683.2223296334,3.7923296333598886,0.0,35,0.07507379581633847,114.06398750000001,0.00018174603174603174,0,10,0,9,118.65812519442362
2024-11-11,ARM_V0,117793.14881752737,0.6116457773527767,49342.974171750015,22,0.060514215568192246,126.40361074999998,0.00018174603174603174,1,10,1,0,117.76823990011991
2024-11-12,ARM_V0,120016.18059973489,29102.228674734873,7143.313725,22,0.0788653659256751,133.25028199999997,0.00018174603174603174,1,10,0,1,119.99080159289004
2024-11-13,ARM_V0,121113.02468327293,0.4734832729389972,0.0,28,0.07447233708833055,142.3092845,0.00018174603174603174,1,10,0,2,121.08741373425691
2024-11-14,ARM_V0,117459.36883932666,0.47356932664495194,9352.581269999999,28,0.07079418255154034,144.6480145,0.00018174603174603174,1,10,0,3,117.43453050410496
2024-11-15,ARM_V0,117228.889077408,1.4477849079905714,8564.688292499999,31,0.06392878119873165,149.1270395,0.00018174603174603174,1,10,0,4,117.20409948017667
2024-11-18,ARM_V0,119098.17919466604,1.0855471660288245,9738.174847499999,35,0.07107900437472964,153.7029195,0.00018174603174603174,1,10,0,5,119.07299431134541
2024-11-19,ARM_V0,120730.5148088849,3.297611384905334,5848.9473975,37,0.07845473047964623,157.59890450000003,0.00018174603174603174,1,10,0,6,120.70498474663492
2024-11-20,ARM_V0,121734.80787131644,1.292871316439181,0.0,39,0.08563089047644687,159.06127700000005,0.00018174603174603174,0,10,0,7,121.70906543803133
2024-11-21,ARM_V0,124771.92270629067,1.293106290670502,0.0,39,0.0700490928602108,159.06127700000005,0.00018174603174603174,0,10,0,8,124.74553803495232
2024-11-22,ARM_V0,128966.51154130754,1.2933413076074571,0.0,39,0.07196720985220424,159.06127700000005,0.00018174603174603174,0,10,0,9,128.939239868748
2024-11-25,ARM_V0,127647.11674956727,1.2935763672578078,42885.38317320001,23,0.060300304433050136,169.7853038,0.00018174603174603174,0,10,1,0,127.62012408046613
2024-11-26,ARM_V0,125924.82301715501,15072.243017155019,0.0,24,0.06251745931719524,176.73785880000005,0.00018174603174603174,1,10,0,1,125.8981945498157
2024-11-27,ARM_V0,129295.28636274414,1.0763627441285835,0.0,27,0.06271110284138212,180.50470880000006,0.00018174603174603174,1,10,0,2,129.26794516640535
2024-11-29,ARM_V0,132154.9715583688,1.076558368786048,0.0,27,0.06427158887661329,180.50470880000006,0.00018174603174603174,1,10,0,3,132.12702564381794
2024-12-02,ARM_V0,128447.231754029,1.0767540289975177,0.0,27,0.06460061370485491,180.50470880000006,0.00018174603174603174,1,10,0,4,128.42006989004034
2024-12-03,ARM_V0,126397.3637347248,1.0769497247694544,5751.421785,25,0.06910816604001871,181.94292380000005,0.00018174603174603174,1,10,0,5,126.37063534240833
2024-12-04,ARM_V0,129239.58900920131,0.6712592012974227,8.99775,26,0.07193476914676744,183.38277130000006,0.00018174603174603174,1,10,0,6,129.21225959080374
2024-12-05,ARM_V0,127277.92690219122,1.0070271912355946,20.494875,26,0.06220245876634954,183.39006130000004,0.00018174603174603174,1,10,0,7,127.25101230316042
2024-12-06,ARM_V0,133635.81656973923,0.096569739213207,0.0,28,0.0644916925808015,183.39541130000006,0.00018174603174603174,1,10,0,8,133.60755751094823
2024-12-09,ARM_V0,135144.5665872904,0.09658729038009574,0.0,28,0.08413390406380798,183.39541130000006,0.00018174603174603174,1,10,0,9,135.11598848337704
2024-12-10,ARM_V0,136382.22074484473,0.09660484473683942,63327.604139999996,15,0.06005357557069691,199.23127130000006,0.00018174603174603174,1,10,1,0,136.3533809226099
2024-12-11,ARM_V0,139257.41978375198,12597.179783751973,0.0,22,0.06682717527332652,211.9113038,0.00018174603174603174,1,10,0,1,139.22797196269795
2024-12-12,ARM_V0,134949.72789464248,0.8716521425042034,6853.3162425,24,0.06433136350432506,216.7733513,0.00018174603174603174,1,10,0,2,134.92119099194457
2024-12-13,ARM_V0,142668.24769547256,1.4353954725297844,4509.6723,27,0.07016782053262494,219.6138113,0.00018174603174603174,1,10,0,3,142.63807860979833
2024-12-16,ARM_V0,147971.82165996413,3.381659964128571,0.0,28,0.07877499830194919,220.74046130000002,0.00018174603174603174,1,10,0,4,147.940531063513
2024-12-17,ARM_V0,150449.29451456745,3.3822745674077654,2830.33224,28,0.07629733351051735,221.44822130000003,0.00018174603174603174,0,10,0,5,150.4174800237529
2024-12-18,ARM_V0,141600.83661113918,0.8066111391429267,0.0,29,0.08714807267621215,222.15627130000001,0.00018174603174603174,0,10,0,6,141.57089324363963
2024-12-19,ARM_V0,135606.98674973546,0.8067497354219938,0.0,29,0.08231257302840833,222.15627130000001,0.00017182539682539683,1,10,0,7,135.57831086097002
2024-12-20,ARM_V0,145619.11111335552,0.8068883555154215,5901.624225,29,0.08844278681233345,223.6320463,0.00017182539682539683,1,10,0,8,145.5883180286296
2024-12-23,ARM_V0,147804.53637466975,1.1863746697934507,0.0,31,0.08337890231434067,225.10698880000004,0.00017182539682539683,1,10,0,9,147.7732811529021
2024-12-24,ARM_V0,150443.78759101906,1.1865785190918716,48343.861012500005,22,0.06003046150733265,237.19597630000007,0.00017182539682539683,0,10,1,0,150.41197426471624
2024-12-26,ARM_V0,163405.292338494,11757.412338493978,0.0,24,0.07698128879413706,246.34110380000013,0.00017182539682539683,0,10,0,1,163.37073813078618
2024-12-27,ARM_V0,157063.21406756536,0.8240675653893208,0.0,27,0.07694895378112482,249.27951630000015,0.00017182539682539683,0,10,0,2,157.03000097608907
2024-12-30,ARM_V0,160672.8239700883,0.2572700883300108,0.0,28,0.08443089294631102,249.27965797500016,0.00017182539682539683,1,10,0,3,160.63884757891387
2024-12-31,ARM_V0,148529.79881429387,0.2573142938650294,0.0,28,0.07009758367085349,249.27965797500016,0.00017182539682539683,1,10,0,4,148.49839022620236
2025-01-02,ARM_V0,149360.80321350697,0.25735850699568164,9654.165855,27,0.07959605026364039,251.69380297500018,0.00017182539682539683,1,10,0,5,149.3292188985574
2025-01-03,ARM_V0,154566.64603072478,0.9005907247686503,6810.93684,30,0.07627693491942893,255.80974047500018,0.00017182539682539683,1,10,0,6,154.53396087154044
2025-01-06,ARM_V0,152759.23898421504,1.1553842150140021,0.0,32,0.07168967371676693,257.5119854750002,0.00017182539682539683,0,10,0,7,152.7269360251272
2025-01-07,ARM_V0,145406.8222827394,1.1555827393652327,0.0,32,0.07124356228524574,257.5119854750002,0.00017182539682539683,0,10,0,8,145.37607408929114
2025-01-08,ARM_V0,137573.80218129783,1.1557812978279889,0.0,32,0.06705280986450801,257.5119854750002,0.00017182539682539683,1,10,0,9,137.54471038342703
2025-01-10,ARM_V0,137665.56778708665,0.5446220866575067,41685.715965,22,0.06005009192120913,267.9361732500002,0.00017182539682539683,1,10,1,0,137.63645658416627
2025-01-13,ARM_V0,130617.23588892464,0.6218889246169681,0.0,24,0.0626733519836652,278.3549782500002,0.00017182539682539683,1,10,0,1,130.58961514889512
2025-01-14,ARM_V0,134092.09712578094,0.6219957809282218,9126.79773,24,0.06306031586684945,280.6372482500002,0.00017182539682539683,1,10,0,2,134.06374158043872
2025-01-15,ARM_V0,142842.01795019876,0.2585501987867068,0.0,26,0.06327234891872671,282.9184682500002,0.00017182539682539683,1,10,0,3,142.81181211850858
2025-01-16,ARM_V0,143886.02159462427,0.25859462427721264,0.0,26,0.0630916047256891,282.9184682500002,0.00017182539682539683,0,10,0,4,143.85559499457185
2025-01-17,ARM_V0,139441.53863905743,0.258639057401146,0.0,26,0.06768750611990379,282.9184682500002,0.00017182539682539683,0,10,0,5,139.41205188363915
2025-01-21,ARM_V0,152688.66328349814,0.2586834981598185,0.0,26,0.07794874710443744,282.9184682500002,0.00017182539682539683,1,10,0,6,152.65637524857453
2025-01-22,ARM_V0,153133.96452794652,0.258727946554542,0.0,26,0.07535526188178901,282.9184682500002,0.00017182539682539683,1,10,0,7,153.10158232819217
2025-01-23,ARM_V0,154482.3927899026,0.2587724025866286,4702.7540175,26,0.0760776020344513,284.0944507500002,0.00017182539682539683,1,10,0,8,154.44972544717905
2025-01-24,ARM_V0,155585.10765256055,1.2378525605552222,0.0,28,0.07674564860452111,285.2696007500002,0.00017182539682539683,1,10,0,9,155.55220712621204
2025-01-27,ARM_V0,145178.98279525508,1.238065255062651,28973.83473,21,0.06009134264498462,292.51487075000034,0.00017182539682539683,1,10,1,0,145.1482827814763
2025-01-28,ARM_V0,149107.03238408983,4888.767384089807,0.0,22,0.07292211390802386,298.5351520000002,0.00017182539682539683,1,10,0,1,149.07550173233452
2025-01-29,ARM_V0,144036.49557597097,0.18557597099422102,0.0,24,0.07003780506919623,299.7569920000002,0.00017182539682539683,1,10,0,2,144.00603715620736
2025-01-30,ARM_V0,146175.0343578577,0.18560785765907836,5523.61875,24,0.06260152453665627,301.1382420000002,0.00017182539682539683,1,10,0,3,146.14412371581778
2025-01-31,ARM_V0,147427.73412052795,0.8741205279626776,0.0,27,0.06489959339792732,302.51862950000026,0.00017182539682539683,0,10,0,4,147.3965585785746
2025-02-03,ARM_V0,145422.5382707241,0.8742707240692681,0.0,27,0.06399461947690058,302.51862950000026,0.00017182539682539683,0,10,0,5,145.39178675392256
2025-02-04,ARM_V0,151018.753620946,0.8744209459833642,0.0,27,0.06558298067311225,302.51862950000026,0.00017182539682539683,0,10,0,6,150.98681871048063
2025-02-05,ARM_V0,150976.77107166723,0.16427166717864622,0.0,28,0.067383610920986,302.51880700000027,0.00017182539682539683,0,10,0,7,150.94484503896652
2025-02-06,ARM_V0,153696.65709989323,0.16429989322304636,0.0,28,0.06479945750236436,302.51880700000027,0.00017182539682539683,0,10,0,8,153.66415591136118
2025-02-07,ARM_V0,154130.04432812412,0.1643281241173978,0.0,28,0.067219730229517,302.51880700000027,0.00017182539682539683,0,10,0,9,154.09745149413746
2025-02-10,ARM_V0,161016.97717653483,0.16435635986253386,45494.542820175004,20,0.06006813796656909,313.89528682500037,0.00017182539682539683,0,10,1,0,160.98292800961852
2025-02-11,ARM_V0,153041.27343884128,16.828438841291952,0.0,24,0.0638651246188559,325.2619155750003,0.00017182539682539683,0,10,0,1,153.0089108398422
2025-02-12,ARM_V0,155829.7653348703,1.6649348702396822,0.0,26,0.06414692326924257,325.26570557500025,0.00017182539682539683,1,10,0,2,155.79681307242282
2025-02-13,ARM_V0,158573.09235594832,1.6652209483344498,11.457135000000001,25,0.06472724878796236,325.26857057500024,0.00017182539682539683,1,10,0,3,158.5395599807619
2025-02-14,ARM_V0,150916.4402171017,0.05910110166009675,5832.941400000001,27,0.06446759535279241,326.73043557500023,0.00017182539682539683,1,10,0,4,150.88452694215718
2025-02-18,ARM_V0,147764.02123061064,0.46281061061508205,6324.73842,29,0.06559479039131687,329.7697855750002,0.00017182539682539683,1,10,0,5,147.73277457630542
2025-02-19,ARM_V0,146197.74037983443,0.12877983445996258,0.0,33,0.06725480143847853,331.35065847500016,0.00017182539682539683,1,10,0,6,146.16682493630623
2025-02-20,ARM_V0,143082.15820196213,0.12880196210612177,0.0,33,0.07024586521691262,331.35065847500016,0.00017182539682539683,1,10,0,7,143.05190158944342
2025-02-21,ARM_V0,131595.12622409358,0.12882409355437255,0.0,33,0.08099912440411065,331.35065847500016,0.00017182539682539683,1,10,0,8,131.5672986962344
2025-02-24,ARM_V0,122259.62280697878,0.12884622880536822,11500.48116075,31,0.07874545805854108,334.2264977250001,0.00017182539682539683,1,10,0,9,122.23376939464252
2025-02-25,ARM_V0,117375.46939299609,0.4657694960840191,45489.33082350001,17,0.06004798137506379,348.4759917250002,0.00017182539682539683,1,10,1,0,117.35064879942065
2025-02-26,ARM_V0,121290.75946840667,24.857468406709362,0.0,22,0.06343187258221451,359.8393867250002,0.00017182539682539683,1,10,0,1,121.26511093502239
2025-02-27,ARM_V0,115943.63664596327,0.45144596326496084,0.0,23,0.06292557496948249,359.8454867250002,0.00017182539682539683,1,10,0,2,115.9191188323372
2025-02-28,ARM_V0,117171.69572353314,0.4515235331467441,0.0,23,0.062058161359694115,359.8454867250002,0.00017182539682539683,0,10,0,3,117.14691822059203
2025-03-03,ARM_V0,109027.48460111633,0.45160111635700306,0.0,23,0.05928340017792009,359.8454867250002,0.00017182539682539683,0,10,0,4,109.00442929920501
2025-03-04,ARM_V0,108010.04707871287,0.4516787128980279,0.0,23,0.059165236687129065,359.8454867250002,0.00017182539682539683,0,10,0,5,107.9872069274064
2025-03-05,ARM_V0,115777.40375632278,0.45175632277210925,0.0,23,0.06688058074179375,359.8454867250002,0.00017182539682539683,0,10,0,6,115.75292109483723
2025-03-06,ARM_V0,111769.42183394595,0.451833945981538,0.0,23,0.06314553555162496,359.8454867250002,0.00017182539682539683,0,10,0,7,111.74578671318478
2025-03-07,ARM_V0,112777.68891158255,0.45191158252860547,0.0,23,0.0635480303698966,359.8454867250002,0.00017182539682539683,0,10,0,8,112.75384057942823
2025-03-10,ARM_V0,104322.74178923242,0.45198923241560346,0.0,23,0.06230721977315687,359.8454867250002,0.00017182539682539683,1,10,0,9,104.30068136734003
2025-03-11,ARM_V0,108948.88524189565,0.4520668956448241,63719.366174999996,17,0.06011773305856027,375.7793117250002,0.00017182539682539683,1,10,1,0,108.92584656085718
2025-03-12,ARM_V0,110109.2344497201,31.73154972009055,0.0,28,0.05641034588099244,391.69735525000016,0.00017182539682539683,1,10,0,1,110.08595039751299
2025-03-13,ARM_V0,108291.36705729426,0.13867729427807016,1397.73048,30,0.05711073900034785,392.0547715000002,0.00017182539682539683,0,10,0,2,108.26846741716199
2025-03-14,ARM_V0,112947.91884053631,0.1498405362645668,0.0,32,0.0689404468885655,392.40411400000016,0.00017182539682539683,0,10,0,3,112.92403451101474
2025-03-17,ARM_V0,115064.48886628269,0.14986628267417101,0.0,32,0.06731042805917792,392.40411400000016,0.00017182539682539683,0,10,0,4,115.0401569600685
2025-03-18,ARM_V0,114673.68709203352,0.14989203350766225,0.0,32,0.06209305883995303,392.40411400000016,0.00017182539682539683,0,10,0,5,114.64943782601713
2025-03-19,ARM_V0,116456.65791778876,0.1499177887658007,0.0,32,0.06804025756598368,392.40411400000016,0.00017182539682539683,0,10,0,6,116.43203161903759
2025-03-20,ARM_V0,113717.05044354843,0.14994354844934657,0.0,32,0.07184991140845708,392.40411400000016,0.00017182539682539683,1,10,0,7,113.6930034709889
2025-03-21,ARM_V0,113167.21800931256,0.1499693125590603,2823.9338399999997,32,0.07492150420541652,393.1102740000002,0.00017182539682539683,1,10,0,8,113.14328730608472
2025-03-24,ARM_V0,117180.12799201703,0.06449201702212867,0.0,35,0.09006339369008859,393.81610237500024,0.00017182539682539683,1,10,0,9,117.15534870596136
2025-03-25,ARM_V0,116368.75884249838,0.06450309838854558,63762.6977394,25,0.060006827171295796,409.76076297500026,0.00017182539682539683,0,10,1,0,116.34415113116785
2025-03-26,ARM_V0,114291.57400186677,15297.016261866806,0.0,28,0.05867291669192053,421.8748279450003,0.00017182539682539683,0,10,0,1,114.26740553871116
2025-03-27,ARM_V0,114496.90345299506,0.9233529950444576,0.0,32,0.05984895480438208,425.6978954450003,0.00017182539682539683,1,10,0,2,114.47269157021454
2025-03-28,ARM_V0,111875.02599915054,0.9235116505392411,1411.2970875,32,0.059756053152119584,426.0508079450003,0.00017182539682539683,1,10,0,3,111.85136854699358
2025-03-31,ARM_V0,109285.23925633903,9.151491339028253,5676.320565,32,0.061994465548164276,427.82092294500035,0.00017182539682539683,1,10,0,4,109.26212944880085
2025-04-01,ARM_V0,111485.70765572754,1.4516557274989943,0.0,33,0.06468452460533418,429.24157294500037,0.00017182539682539683,1,10,0,5,111.46213253007733
2025-04-02,ARM_V0,114180.58940515881,1.4519051588204257,0.0,33,0.07183497687943637,429.24157294500037,0.00017182539682539683,0,10,0,6,114.15644441116233
2025-04-03,ARM_V0,110964.35485463303,1.452154633000493,0.0,33,0.07191931148029196,429.24157294500037,0.00017182539682539683,0,10,0,7,110.94088997591986
2025-04-04,ARM_V0,103950.40600415003,1.4524041500465603,0.0,33,0.07197374486157665,429.24157294500037,0.00017182539682539683,1,10,0,8,103.92842431757809
2025-04-07,ARM_V0,104187.77939870994,1.452653709965993,25525.437045,31,0.0771290073209824,435.62452794500035,0.00017182539682539683,1,10,0,9,104.16574751639793
2025-04-08,ARM_V0,102244.75392146554,3.12088736554744,36141.625934100004,23,0.060644871860738324,451.04154134500027,0.00017182539682539683,1,10,1,0,102.22313291755876
2025-04-09,ARM_V0,108281.75343135951,5335.182688859506,10733.945842500001,25,0.06997180743663242,461.42639384500035,0.00017182539682539683,1,10,0,1,108.25885582415542
2025-04-10,ARM_V0,110004.1721312595,2.79343125948365,0.0,29,0.07614938449793222,465.44197384500035,0.00017182539682539683,0,10,0,2,109.98091029586756
2025-04-11,ARM_V0,115210.83381124194,2.7939112419183156,0.0,29,0.0836569763551137,465.44197384500035,0.00017182539682539683,0,10,0,3,115.18647095845589
2025-04-14,ARM_V0,116449.92469130683,2.7943913068261534,0.0,29,0.08128738618846565,465.44197384500035,0.00017182539682539683,0,10,0,4,116.42529981638535
2025-04-15,ARM_V0,117544.0288714542,2.7948714542213344,0.0,29,0.08630646828597592,465.44197384500035,0.00017182539682539683,1,10,0,5,117.51917263375032
2025-04-16,ARM_V0,116867.3734516841,2.795351684118032,0.0,29,0.08550692725315114,465.44197384500035,0.00017182539682539683,1,10,0,6,116.84266030170758
2025-04-17,ARM_V0,119346.19983199654,2.7958319965304224,0.0,29,0.0911382181863481,465.44197384500035,0.00017182539682539683,1,10,0,7,119.32096250143572
2025-04-21,ARM_V0,119121.42146339148,2.7963123914726835,0.0,29,0.0911888883338946,465.44197384500035,0.00017182539682539683,1,10,0,8,119.09623166518611
2025-04-22,ARM_V0,122005.83999286896,2.7967928689589963,0.0,29,0.10095377402196408,465.44197384500035,0.00017182539682539683,1,10,0,9,121.98004024626132
2025-04-23,ARM_V0,122831.69066630401,2.797273429003544,59365.58339287501,16,0.06022094102812186,480.28708097000043,0.00017182539682539683,1,10,1,0,122.80571628266168
2025-04-24,ARM_V0,123715.01934869893,1344.7493486989579,0.0,24,0.06683747893773384,494.78942097000044,0.00017182539682539683,0,10,0,1,123.68885817353761
2025-04-25,ARM_V0,121969.07333534905,0.21333534909153298,0.0,25,0.06947334900792579,495.12547097000044,0.00017182539682539683,0,10,0,2,121.94328136353683
2025-04-28,ARM_V0,122260.35337200554,0.21337200552254754,0.0,25,0.0609322629498122,495.12547097000044,0.00017182539682539683,1,10,0,3,122.23449980518166
2025-04-29,ARM_V0,119840.91340866822,0.2134086682520679,0.0,25,0.061776147973389116,495.12547097000044,0.00017182539682539683,1,10,0,4,119.81557146438627
2025-04-30,ARM_V0,126148.86344533728,0.2134453372811763,0.0,25,0.09988199382755296,495.12547097000044,0.00017182539682539683,1,10,0,5,126.12218760168979
2025-05-01,ARM_V0,129137.40348201257,0.21348201261095517,0.0,25,0.12521546479949403,495.12547097000044,0.00017182539682539683,1,10,0,6,129.11009567209462
2025-05-02,ARM_V0,125824.00351869423,0.21351869424248715,0.0,25,0.10222612252271056,495.12547097000044,0.00017182539682539683,0,10,0,7,125.79739637096972
2025-05-05,ARM_V0,133246.3035553822,0.21355538217685502,0.0,25,0.146381546651259,495.12547097000044,0.00017182539682539683,0,10,0,8,133.2181268642637
2025-05-06,ARM_V0,146889.36359207644,0.21359207641514177,0.0,25,0.21587676074396522,495.12547097000044,0.00017182539682539683,0,10,0,9,146.8583018956834
2025-05-07,ARM_V0,155749.70564627694,0.21362877695843058,73413.5720175,15,0.06099208958747125,513.4834534700005,0.00017182539682539683,0,10,1,0,155.71677031350822
2025-05-08,ARM_V0,157348.7387135163,11173.898713516364,0.0,21,0.06736628514893496,529.0400159700006,0.00017182539682539683,0,10,0,1,157.31546524408174
2025-05-09,ARM_V0,165888.6264879656,1.3064879656108597,0.0,25,0.1103179909764797,531.8324659700006,0.00017182539682539683,1,10,0,2,165.85354714644615
2025-05-12,ARM_V0,167268.03637985242,0.5179798524143556,0.0,26,0.14049904876405134,531.8326630700006,0.00017182539682539683,1,10,0,3,167.2326653438888
2025-05-13,ARM_V0,158781.36338385448,0.5180688545080443,29123.057415000003,25,0.09831128582932477,539.1152480700007,0.00017182539682539683,1,10,0,4,158.7477869670079
2025-05-14,ARM_V0,161093.9936507236,2.0772857236349287,8651.976465,31,0.10645648302184833,548.5573380700007,0.00017182539682539683,1,10,0,5,161.05992819765638
2025-05-15,ARM_V0,166813.49920427232,3.382204272387276,0.0,32,0.12049384549739853,550.7194655700007,0.00017182539682539683,1,10,0,6,166.77822428619908
2025-05-16,ARM_V0,167407.267785421,3.3827854209785237,0.0,32,0.11737841648062104,550.7194655700007,0.00017182539682539683,1,10,0,7,167.3718673071374
2025-05-19,ARM_V0,166936.49336666943,3.383366669425859,0.0,32,0.10543404647503024,550.7194655700007,0.00017182539682539683,0,10,0,8,166.90119243985575
2025-05-20,ARM_V0,169050.22759382034,0.1725938203327485,0.0,33,0.1329634412206001,550.7202680700007,0.00017182539682539683,0,10,0,9,169.01447968998113
2025-05-21,ARM_V0,164019.37739435132,0.1726234763344168,77747.47477087501,18,0.0607915976660901,570.1619971950007,0.00017182539682539683,1,10,1,0,163.98469333024616
2025-05-22,ARM_V0,165105.08718317052,3537.767183170475,0.0,24,0.06417730780302736,588.7099821950009,0.00017182539682539683,1,10,0,1,165.0701735313879
2025-05-23,ARM_V0,169608.72299785094,0.08399785095971607,0.0,26,0.07924120742404442,589.5941819450009,0.00017182539682539683,1,10,0,2,169.57285699278063
2025-05-27,ARM_V0,171801.05421228387,0.0840122839237897,0.0,26,0.07007454089964027,589.5941819450009,0.00017182539682539683,1,10,0,3,171.76472460981677
2025-05-28,ARM_V0,170473.67182671936,0.08402671936781313,0.0,26,0.07320778549713819,589.5941819450009,0.00017182539682539683,1,10,0,4,170.4376229167929
2025-05-29,ARM_V0,176885.57244115727,0.08404115729221244,2225.0436000000004,26,0.10053685981605913,590.1505819450009,0.00017182539682539683,1,10,0,5,176.8481676501424
2025-05-30,ARM_V0,181109.57200687876,0.7318068786983126,0.0,28,0.1162169385459128,590.7065419450009,0.00017182539682539683,1,10,0,6,181.07127399535514
2025-06-02,ARM_V0,179976.02613262172,0.7319326217056445,0.0,28,0.09974528489017538,590.7065419450009,0.00017182539682539683,1,10,0,7,179.93796782434774
2025-06-03,ARM_V0,175807.1879583863,0.7320583863188186,0.0,28,0.0831501838449301,590.7065419450009,0.00017182539682539683,1,10,0,8,175.7700112060161
2025-06-04,ARM_V0,175304.5161841725,0.7321841725415472,0.0,28,0.08626360763069342,590.7065419450009,0.00017182539682539683,1,10,0,9,175.26744572838945
2025-06-05,ARM_V0,173815.1148212804,0.7323099803775435,91466.28251130001,18,0.06112328039436576,613.5788306450012,0.00017182539682539683,1,10,1,0,173.7783593190911
2025-06-06,ARM_V0,176519.89252493097,2617.4225249309616,0.0,27,0.066051762400395,635.7857893950013,0.00017182539682539683,1,10,0,1,176.48256506176511
2025-06-09,ARM_V0,171756.1686103666,0.6581103666099002,0.0,29,0.06334066536311507,636.4398170200013,0.00017182539682539683,1,10,0,2,171.71984849955302
2025-06-10,ARM_V0,172299.47362344665,0.6582234466847979,0.0,29,0.0606476606123422,636.4398170200013,0.00017182539682539683,1,10,0,3,172.26303862361078
2025-06-11,ARM_V0,178194.60883654622,0.6583365461897244,0.0,29,0.059763873158298696,636.4398170200013,0.00017182539682539683,1,10,0,4,178.15692723249268
2025-06-12,ARM_V0,175931.5568496651,0.6584496651280182,0.0,29,0.058991690779321135,636.4398170200013,0.00017182539682539683,1,10,0,5,175.8943537978499
2025-06-13,ARM_V0,168097.7831265535,0.6585628035030184,6505.71816375,29,0.06034868402971539,638.0666532700013,0.00017182539682539683,1,10,0,6,168.06223662967903
2025-06-16,ARM_V0,175075.18157040144,0.14580040141012895,2842.2092700000003,31,0.06213010834791539,640.4035344700013,0.00017182539682539683,1,10,0,7,175.03815961045208
2025-06-17,ARM_V0,175383.95185642407,1.8904564240317399,0.0,32,0.07516081066978855,641.1134732200013,0.00017182539682539683,1,10,0,8,175.34686460291877
2025-06-18,ARM_V0,172358.88959063677,0.4901906367625358,0.0,33,0.06515416771755562,641.1138232200013,0.00017182539682539683,0,10,0,9,172.32244202650972
2025-06-20,ARM_V0,166439.32496873898,0.4902748639632177,29311.894693875,21,0.060113978483625936,648.4436293450016,0.00017182539682539683,0,10,1,0,166.40412917475084
2025-06-23,ARM_V0,164693.83275713574,0.12585713570058743,0.0,23,0.06412504841983781,655.7698625700016,0.00017182539682539683,1,10,0,1,164.6590060705343
2025-06-24,ARM_V0,170621.72587876115,0.1258787611528725,0.0,23,0.06724759077957645,655.7698625700016,0.00017182539682539683,1,10,0,2,170.58564566084954
2025-06-25,ARM_V0,165929.2159003903,0.12590039032095948,0.0,23,0.06904148819022446,655.7698625700016,0.00017182539682539683,1,10,0,3,165.89412797570336
2025-06-26,ARM_V0,169544.78224202315,0.12592202320548687,4893.49632,23,0.07210897226284416,656.9935425700015,0.00017182539682539683,0,10,0,4,169.50892975807034
2025-06-27,ARM_V0,168595.99318980004,0.11278980002824879,0.0,26,0.07538138813116757,658.2166141700015,0.00017182539682539683,0,10,0,5,168.56034133982615
2025-06-30,ARM_V0,168878.2456091802,0.11280918018039651,0.0,26,0.07631533566392883,658.2166141700015,0.00017182539682539683,0,10,0,6,168.84253407320358
2025-07-01,ARM_V0,166050.24072856372,0.11282856366254657,0.0,26,0.07955544022121734,658.2166141700015,0.00017182539682539683,0,10,0,7,166.0151272115781
2025-07-02,ARM_V0,170466.1838479505,0.11284795047527113,0.0,26,0.08148478300182821,658.2166141700015,0.00017182539682539683,0,10,0,8,170.4301365214561
2025-07-03,ARM_V0,176057.60286734067,0.11286734061914248,0.0,26,0.08235372834722163,658.2166141700015,0.00017182539682539683,0,10,0,9,176.02037316142994
2025-07-07,ARM_V0,173814.72357363414,0.112886734094733,62062.53288690001,21,0.061358438345885724,673.7361272700017,0.00017182539682539683,0,10,1,0,173.7779681541793
2025-07-08,ARM_V0,171850.41852853022,0.5653285302123828,0.0,26,0.06164942797762886,689.2477694950018,0.00017182539682539683,0,10,0,1,171.81407848732636
2025-07-09,ARM_V0,172269.61542566802,0.5654256680114234,0.0,26,0.06347700941329594,689.2477694950018,0.00017182539682539683,1,10,0,2,172.2331867397425
2025-07-10,ARM_V0,173843.30552282245,0.5655228225012048,0.0,26,0.06653359452188706,689.2477694950018,0.00017182539682539683,1,10,0,3,173.8065440593369
2025-07-11,ARM_V0,170767.08561999368,0.5656199936845949,0.0,26,0.06857316770081934,689.2477694950018,0.00017182539682539683,1,10,0,4,170.73097466384453
2025-07-14,ARM_V0,173942.7514971816,0.5657171815644622,116.85078,25,0.06572748735773129,689.2769894950018,0.00017182539682539683,1,10,0,5,173.90596900453104
2025-07-15,ARM_V0,174673.53726309628,0.2672630962627246,0.0,27,0.06600702190300181,689.3062694950019,0.00017182539682539683,1,10,0,6,174.63660023614156
2025-07-16,ARM_V0,177905.80730901888,0.26730901885029673,0.0,27,0.06259345981133398,689.3062694950019,0.00017182539682539683,1,10,0,7,177.8681867758635
2025-07-17,ARM_V0,182434.24735494933,0.2673549493285357,0.0,27,0.06322551915133645,689.3062694950019,0.00017182539682539683,1,10,0,8,182.39566922332392
2025-07-18,ARM_V0,186211.1886008877,0.26740088769879733,0.0,27,0.06930147483059718,689.3062694950019,0.00017182539682539683,0,10,0,9,186.17181178514107
2025-07-21,ARM_V0,183198.08176088397,0.2674468339624377,83011.58571404999,17,0.060159581880257454,710.0643554450018,0.00017182539682539683,0,10,1,0,183.1593421063829
2025-07-22,ARM_V0,184021.00546430296,95.04546430293911,0.0,23,0.06469848357778668,730.7883804450017,0.00017182539682539683,1,10,0,1,183.98209179171369
2025-07-23,ARM_V0,189103.691971155,0.6219711550197401,0.0,24,0.06261792076384323,730.8119804450017,0.00017182539682539683,1,10,0,2,189.0637034973597
2025-07-24,ARM_V0,188610.9220780255,0.6220780254602654,0.0,24,0.0673427066686284,730.8119804450017,0.00017182539682539683,1,10,0,3,188.5710378069338
2025-07-25,ARM_V0,187962.40218491422,0.6221849142638465,0.0,24,0.06757505677919785,730.8119804450017,0.00017182539682539683,1,10,0,4,187.92265505192108
2025-07-28,ARM_V0,183516.6822918214,0.6222918214336387,0.0,24,0.06503686668125817,730.8119804450017,0.00017182539682539683,1,10,0,5,183.47787526502924
2025-07-29,ARM_V0,175728.57739874694,0.6223987469727977,0.0,24,0.06248226761140498,730.8119804450017,0.00017182539682539683,1,10,0,6,175.69141726961809
2025-07-30,ARM_V0,176103.9278006909,0.62250569088448,9336.485295,24,0.06265794373699772,733.1466854450017,0.00017182539682539683,1,10,0,7,176.06668829876105
2025-07-31,ARM_V0,173876.1843156123,0.4943156122702463,0.0,26,0.06083409318897873,735.4802554450017,0.00017182539682539683,1,10,0,8,173.83941589947165
2025-08-01,ARM_V0,169576.5600005482,0.49440054824648166,0.0,26,0.06044608995468986,735.4802554450017,0.00017182539682539683,1,10,0,9,169.54070079676856
2025-08-04,ARM_V0,177457.8960242488,0.49448549881687487,43323.01153874999,17,0.06009295860547574,746.3137166950021,0.00017182539682539683,0,10,1,0,177.42037020785165
2025-08-05,ARM_V0,178344.53827152983,0.9882715297774564,0.0,20,0.06074551037557304,757.1416391950021,0.00017182539682539683,0,10,0,1,178.30682496291664
2025-08-06,ARM_V0,174411.83844133993,0.9884413399252316,0.0,20,0.06528863007100194,757.1416391950021,0.00017182539682539683,0,10,0,2,174.37495675405822
2025-08-07,ARM_V0,180879.33321006686,0.03741006682050453,0.0,21,0.06364497146078209,757.141876895002,0.00017182539682539683,1,10,0,3,180.84108388557837
2025-08-08,ARM_V0,184168.0053414948,0.037416494820081234,2265.333525,21,0.07816314225322521,757.708351895002,0.00017182539682539683,1,10,0,4,184.12906058383956
2025-08-11,ARM_V0,186044.27151574587,0.18481824583320106,4812.0066975,22,0.08188615470866907,759.4778093950019,0.00017182539682539683,1,10,0,5,186.00492999682194
2025-08-12,ARM_V0,192944.88900428047,0.5590042804653091,0.0,24,0.0893335402090781,760.6804168950019,0.00017182539682539683,1,10,0,6,192.90408825862892
2025-08-13,ARM_V0,195985.61490033162,0.5591003315976273,0.0,24,0.0938997487614529,760.6804168950019,0.00017182539682539683,1,10,0,7,195.94417115302028
2025-08-14,ARM_V0,192567.7002363992,0.5591963992339694,9073.57104,24,0.08371055987172765,762.9493768950019,0.00017182539682539683,1,10,0,8,192.52697925229543
2025-08-15,ARM_V0,191540.66273584473,1.1027358447071605,0.0,26,0.07979767732702783,765.2170668950018,0.00017182539682539683,1,10,0,9,191.500158932388
2025-08-18,ARM_V0,192697.4156765727,1.102925322731271,91586.09275124999,15,0.06001294806885125,788.1193156450017,0.00017182539682539683,1,10,1,0,192.65666726242551
2025-08-19,ARM_V0,185723.48160929527,14.96090929527911,0.0,23,0.06036339563989148,811.0066531450017,0.00017182539682539683,1,10,0,1,185.6842079256348
2025-08-20,ARM_V0,185815.79610286513,0.937565365144132,13982.3535375,25,0.061105246368367956,814.5066206450017,0.00017182539682539683,1,10,0,2,185.77650289808548
2025-08-21,ARM_V0,190770.3665909472,1.0365909471944936,0.0,27,0.06727648653902121,818.0013106450017,0.00017182539682539683,1,10,0,3,190.7300256767862
2025-08-22,ARM_V0,196126.65676905986,1.036769059845341,0.0,27,0.06911390946698885,818.0013106450017,0.00017182539682539683,1,10,0,4,196.08518319658216
2025-08-25,ARM_V0,195776.37694720307,1.0369472031004652,0.0,27,0.084246119257013,818.0013106450017,0.00017182539682539683,0,10,0,5,195.73497744602102
2025-08-26,ARM_V0,198750.48712537694,1.037125376965125,0.0,27,0.0825670429157137,818.0013106450017,0.00017182539682539683,0,10,0,6,198.70845870930864
2025-08-27,ARM_V0,195618.19730358143,1.0373035814445797,0.0,27,0.07354469164069229,818.0013106450017,0.00017182539682539683,1,10,0,7,195.57683125157465
2025-08-28,ARM_V0,198767.35478181657,1.0374818165440898,0.0,27,0.07809733151120084,818.0013106450017,0.00017182539682539683,1,10,0,8,198.7253227988595
2025-08-29,ARM_V0,197244.02766008224,1.0376600822689166,0.0,27,0.08080853037268258,818.0013106450017,0.00017182539682539683,1,10,0,9,197.20231780476877
2025-09-02,ARM_V0,196777.22795837861,1.0378383786243224,84178.47012,19,0.060052680498677805,839.0511906450016,0.00017182539682539683,1,10,1,0,196.73561681402865
2025-09-03,ARM_V0,192922.2318667225,1288.161546722467,2280.14982,22,0.05945012085451802,860.3390831450017,0.00017182539682539683,1,10,0,1,192.881435912222
2025-09-04,ARM_V0,192040.6299166322,0.9599166321877132,0.0,24,0.0629215807365641,861.2306981450017,0.00017182539682539683,1,10,0,2,192.00002038851034
2025-09-05,ARM_V0,196758.36008157028,0.9600815702439582,0.0,24,0.06154503419818987,861.2306981450017,0.00017182539682539683,1,10,0,3,196.71675292708213
2025-09-08,ARM_V0,199209.75024653666,0.9602465366407502,0.0,24,0.06214936761216709,861.2306981450017,0.00017182539682539683,0,10,0,4,199.16762471321437
2025-09-09,ARM_V0,203741.05041153138,0.9604115313829588,0.0,24,0.06823661688166666,861.2306981450017,0.00017182539682539683,0,10,0,5,203.6979666749291
2025-09-10,ARM_V0,201110.4155765545,0.9605765544754544,0.0,24,0.07981724842038146,861.2306981450017,0.00017182539682539683,0,10,0,6,201.06788812243968
2025-09-11,ARM_V0,204407.005741606,0.9607416059231084,0.0,24,0.0792053087479114,861.2306981450017,0.00017182539682539683,1,10,0,7,204.36378117995164
2025-09-12,ARM_V0,205154.02590668577,0.9609066857307929,0.0,24,0.08160834244420442,861.2306981450017,0.00017182539682539683,1,10,0,8,205.1106433777491
2025-09-15,ARM_V0,207925.1810717939,0.9610717939033808,0.0,24,0.07454566070402063,861.2306981450017,0.00017182539682539683,1,10,0,9,207.88121254548963
2025-09-16,ARM_V0,209877.86925443046,0.9612369304457461,89185.6280175,18,0.06004334828043801,883.5326806450018,0.00017182539682539683,1,10,1,0,209.83348780641427
2025-09-17,ARM_V0,209483.4355948007,11020.915594800668,0.0,25,0.06067711255502952,903.0696881450019,0.00017182539682539683,1,10,0,1,209.43913755499244
2025-09-18,ARM_V0,215621.43117855498,0.30117855501635704,0.0,27,0.06404112951353678,905.8241531450019,0.00016190476190476192,1,10,0,2,215.57583517849542
2025-09-19,ARM_V0,213317.06122731723,0.3012273172585978,0.0,27,0.06580889460613984,905.8241531450019,0.00016190476190476192,1,10,0,3,213.2719525167254
2025-09-22,ARM_V0,220071.83127620694,0.3012762069303275,0.0,27,0.07754908886353748,905.8241531450019,0.0001623015873015873,1,10,0,4,220.02529418025532
2025-09-23,ARM_V0,219205.1313251046,0.30132510453692846,0.0,27,0.07116457496090305,905.8241531450019,0.0001623015873015873,1,10,0,5,219.15877750430704
2025-09-24,ARM_V0,220995.53179401008,0.3013740100796886,8796.12042,27,0.06785349856746034,908.0237331450019,0.0001623015873015873,1,10,0,6,220.94879936938153
2025-09-25,ARM_V0,217298.00872197608,1.1737219761049513,0.0,30,0.06695956435853198,910.2219956450018,0.0001623015873015873,1,10,0,7,217.25205818744672
2025-09-26,ARM_V0,216042.34039247304,1.173912473044724,14.07648,29,0.06520263562415461,910.2255156450018,0.0001623015873015873,1,10,0,8,215.9966553855998
2025-09-29,ARM_V0,225933.15962100987,0.20666600982308742,68.16295500000001,30,0.07207308580694835,910.2463206450019,0.0001623015873015873,1,10,0,9,225.88538306974945
2025-09-30,ARM_V0,226139.44500103526,0.8628885352756798,134437.93211249998,17,0.06000775318051159,943.8810806450023,0.0001623015873015873,1,10,1,0,226.09162482800613
2025-10-01,ARM_V0,226396.7521256748,4491.995178174793,9209.9069475,24,0.0593838907747976,978.6628956450023,0.0001623015873015873,1,10,0,1,226.34887754165507
2025-10-02,ARM_V0,232576.24805459662,1.8882845966474664,200.86977,27,0.060966070777233705,982.1372731450024,0.0001623015873015873,1,10,0,2,232.52706673452934
2025-10-03,ARM_V0,236346.0975374843,0.3875374843895438,0.0,30,0.06423943597203687,982.1878531450024,0.0001623015873015873,1,10,0,3,236.2961190329428
2025-10-06,ARM_V0,241689.7414003824,0.38760038233839905,2724.1187999999997,30,0.06540654108199145,982.8690531450023,0.0001623015873015873,0,10,0,4,241.63863291175463
2025-10-07,ARM_V0,244572.3865348494,2.6465348494414576,0.0,31,0.06804484445601416,983.5493481450023,0.0001623015873015873,0,10,0,5,244.52066847282717
2025-10-08,ARM_V0,252195.62696543644,2.6469654364606123,0.0,31,0.06496611458788482,983.5493481450023,0.00016269841269841268,0,10,0,6,252.14229686851942
2025-10-09,ARM_V0,257753.6215293415,0.5465293414522585,0.0,32,0.06927037491873805,983.5498731450024,0.00016269841269841268,0,10,0,7,257.6991161210508
2025-10-10,ARM_V0,242704.47661826093,0.5466182609086059,0.0,32,0.07363193398409451,983.5498731450024,0.00016269841269841268,0,10,0,8,242.6531535504663
2025-10-13,ARM_V0,264353.1367071948,0.5467071948320076,0.0,32,0.0787238247263574,983.5498731450024,0.00016269841269841268,1,10,0,9,264.29723574423775
2025-10-14,ARM_V0,271994.35254114325,0.5467961432248175,118227.455745,22,0.06011860116664196,1013.1141281450024,0.00016269841269841268,1,10,1,0,271.9368357421549
2025-10-15,ARM_V0,270531.9137385921,4.594823592126587,12101.313915000002,26,0.06158534041236589,1045.6886781450028,0.00016269841269841268,1,10,0,1,270.47470619160794
2025-10-16,ARM_V0,250382.91738804648,0.5332380465327987,11600.499150000001,28,0.06386841469386703,1051.6151156450026,0.00016309523809523812,1,10,0,2,250.32997061251612
2025-10-17,ARM_V0,241684.96778531437,3.0341078143781437,46453.6736775,27,0.0649276624185375,1066.1302131450025,0.00016309523809523812,1,10,0,3,241.63386030613054
2025-10-20,ARM_V0,250196.48016154635,0.6667865463524576,6904.773375000001,30,0.06481386144812891,1079.4679456450026,0.00016309523809523812,1,10,0,4,250.14357281063045
2025-10-21,ARM_V0,240238.8542677878,0.08426778778716144,0.0,34,0.06784914142918293,1081.1938531450025,0.00016309523809523812,1,10,0,5,240.18805258841093
2025-10-22,ARM_V0,230518.74173403144,0.08428153146207436,27323.3574525,30,0.0660222239871491,1088.0264006450025,0.00016309523809523812,1,10,0,6,230.46999550085604
2025-10-23,ARM_V0,233031.47359902933,1.3031190293136068,10035.57048,33,0.0647526266171406,1097.3647481450025,0.00016309523809523812,1,10,0,7,232.98219601550701
2025-10-24,ARM_V0,238226.03051387225,1.2255138721975294,0.0,34,0.06741496706030536,1099.8730331450024,0.00016309523809523812,1,10,0,8,238.1756544726683
2025-10-27,ARM_V0,235502.46996423393,1.2257142339893332,4981.75425,34,0.0671267694236959,1101.1187831450025,0.0001634920634920635,1,10,0,9,235.45266985588742
2025-10-28,ARM_V0,233107.64429536837,1.475140368308829,73145.08915500002,24,0.060109954962461125,1120.6546931450018,0.0001634920634920635,1,10,1,0,233.05835060454604
2025-10-29,ARM_V0,232558.37244076934,0.5224407692942759,0.0,25,0.06014425476581105,1138.9366331450017,0.0001634920634920635,1,10,0,1,232.50919490073673
2025-10-30,ARM_V0,231543.06252100132,0.5225210012695604,0.0,25,0.06065005725976467,1138.9366331450017,0.00015357142857142856,1,10,0,2,231.4940996816639
2025-10-31,ARM_V0,233818.0026010382,0.5226010382165802,0.0,25,0.0638956788348412,1138.9366331450017,0.00015317460317460315,1,10,0,3,233.76855869556806
2025-11-03,ARM_V0,224045.9726812948,0.522681294804592,0.0,25,0.06497702157185621,1138.9366331450017,0.00015357142857142856,1,10,0,4,223.99859520064322
2025-11-04,ARM_V0,214895.8763565637,0.5227615637177228,11222.813595000001,24,0.07358880155411128,1141.7430381450017,0.00015357142857142856,1,10,0,5,214.85043378465605
2025-11-05,ARM_V0,218616.82170858348,1.2017085834861139,0.0,26,0.06554660290094859,1144.5478706450017,0.00015357142857142856,1,10,0,6,218.57059229362613
2025-11-06,ARM_V0,214191.53965813157,1.2018931315900063,7447.077765,26,0.06838528740854458,1146.4101056450017,0.00015357142857142856,1,10,0,7,214.14624602752338
2025-11-07,ARM_V0,219997.26915468738,2.7291546874186947,0.0,28,0.07735696022678287,1148.2710281450018,0.00015357142857142856,0,10,0,8,219.95074782588136
2025-11-10,ARM_V0,232161.88957380762,2.729573807602834,0.0,28,0.07703710558538539,1148.2710281450018,0.00015357142857142856,0,10,0,9,232.11279587531496
2025-11-11,ARM_V0,240947.3351563447,0.7491938447054305,133782.69596250003,19,0.06086525086689189,1181.725560645002,0.00015357142857142856,0,10,1,0,240.89638365932467
2025-11-12,ARM_V0,243462.32828311576,1.5582831157613288,0.0,27,0.06279164463679447,1215.162673145002,0.00015357142857142856,0,10,0,1,243.4108449575751
2025-11-13,ARM_V0,231528.37352304193,1.5585230418918508,0.0,27,0.06274980374512985,1215.162673145002,0.00015396825396825397,1,10,0,2,231.47941378988713
2025-11-14,ARM_V0,230322.92220050498,1.55876300496338,2905.5234375,27,0.062058087243079714,1215.889235645002,0.00015396825396825397,1,10,0,3,230.2742173759568
2025-11-17,ARM_V0,228817.5260299962,1.0360299961368822,0.0,28,0.06274659222614723,1216.6155656450019,0.00015396825396825397,1,10,0,4,228.7691395413551
2025-11-18,ARM_V0,230669.08618951187,1.0361895118664461,0.0,28,0.05967310239696029,1216.6155656450019,0.00015396825396825397,1,10,0,5,230.62030816401528
2025-11-19,ARM_V0,230857.38634905213,1.0363490521563683,0.0,28,0.05983646535404309,1216.6155656450019,0.00015396825396825397,0,10,0,6,230.8085685049993
2025-11-20,ARM_V0,222737.41150861705,1.0365086170104303,0.0,28,0.06037674546415267,1216.6155656450019,0.00015396825396825397,0,10,0,7,222.690310740512
2025-11-21,ARM_V0,227869.82166820645,1.0366682064324144,0.0,28,0.05906582934706317,1216.6155656450019,0.00015396825396825397,1,10,0,8,227.82163558417218
2025-11-24,ARM_V0,238226.08682782046,1.0368278204261032,0.0,28,0.060267790950941834,1216.6155656450019,0.00015396825396825397,1,10,0,9,238.1757107747082
2025-11-25,ARM_V0,240633.01678245905,1.0369874589952799,92537.67979500002,15,0.060050113626191864,1239.7557706450023,0.00015396825396825397,1,10,1,0,240.58213175221144
2025-11-26,ARM_V0,242710.15895441824,27.408954418206704,0.0,22,0.06265992352984347,1262.8778181450023,0.00015396825396825397,1,10,0,1,242.65883468501858
2025-11-28,ARM_V0,246035.5928003174,1.7228003173688833,0.0,24,0.06311891634558643,1262.8842381450022,0.00015436507936507937,1,10,0,2,245.98356532400084
2025-12-01,ARM_V0,238010.48806625765,1.7230662575766043,0.0,24,0.06524712472198653,1262.8842381450022,0.00015436507936507937,1,10,0,3,237.96015760435165
2025-12-02,ARM_V0,229363.64333223886,1.7233322388362065,0.0,24,0.06596882478921297,1262.8842381450022,0.00015436507936507937,1,10,0,4,229.3151413598798
2025-12-03,ARM_V0,234843.43859826113,1.723598261154027,0.0,24,0.06493624046310875,1262.8842381450022,0.00015436507936507937,1,10,0,5,234.793777850803
2025-12-04,ARM_V0,241850.58386432455,1.7238643245364038,0.0,24,0.06437247225639846,1262.8842381450022,0.00015436507936507937,1,10,0,6,241.799441363433
2025-12-05,ARM_V0,249754.134130429,1.7241304289896757,0.0,24,0.06354793707523378,1262.8842381450022,0.00015436507936507937,0,10,0,7,249.70132031942492
2025-12-08,ARM_V0,254124.77939657454,1.7243965745201826,0.0,24,0.06829440262067549,1262.8842381450022,0.00015436507936507937,0,10,0,8,254.07104135489112
2025-12-09,ARM_V0,253664.31966276115,1.7246627611342653,0.0,24,0.07342459524761553,1262.8842381450022,0.00015436507936507937,1,10,0,9,253.6106789913713
2025-12-10,ARM_V0,257864.81410148885,1.724928988838266,89181.00917250001,18,0.06103197931380407,1285.1850656450024,0.00015436507936507937,1,10,1,0,257.8102851800599
2025-12-11,ARM_V0,259880.5515939519,95.36159395194764,0.0,24,0.06528622436706748,1307.4513456450024,0.00014444444444444446,1,10,0,1,259.82559641820154
2025-12-12,ARM_V0,249205.8183266803,1.4383266802407055,0.0,26,0.06522291537628933,1307.4748206450026,0.00014444444444444446,1,10,0,2,249.15312046429636
2025-12-15,ARM_V0,246805.58442193855,1.4385344385389627,13033.1908875,25,0.06719458977738531,1310.7339331450025,0.00014444444444444446,1,10,0,3,246.75339412072174
2025-12-16,ARM_V0,247767.67266448817,2.752664488209693,0.0,27,0.06763061467946575,1313.9910881450025,0.00014444444444444446,1,10,0,4,247.71527891700296
2025-12-17,ARM_V0,241441.09898248478,1.23246248485799,13.91652,28,0.06606828774067666,1313.9949481450026,0.00014444444444444446,1,10,0,5,241.3900430725809
2025-12-18,ARM_V0,245338.03332701814,0.1352495180780256,25241.378077499998,29,0.06585036890087781,1320.3106231450026,0.00014444444444444446,1,10,0,6,245.28615335886724
2025-12-19,ARM_V0,253362.02477224992,0.6247722499222322,0.0,32,0.06463162746950676,1326.6192681450027,0.00014444444444444446,0,10,0,7,253.30844802510808
2025-12-22,ARM_V0,260821.6748624948,0.6248624948027766,0.0,32,0.06450384159548708,1326.6192681450027,0.00014444444444444446,0,10,0,8,260.7665206737967
2025-12-23,ARM_V0,258904.79495275285,0.6249527527186926,0.0,32,0.06434268628759854,1326.6192681450027,0.00014444444444444446,0,10,0,9,258.85004611363433
2025-12-24,ARM_V0,264694.3915030237,0.625043023671863,56759.96645999999,19,0.06132627105480083,1340.8128081450027,0.00014444444444444446,1,10,1,0,264.638418377232
2025-12-26,ARM_V0,262338.20503785537,0.345037855260114,0.0,20,0.06107219494655035,1354.9993231450028,0.00014444444444444446,1,10,0,1,262.2827301588178
2025-12-29,ARM_V0,261078.08508769402,0.34508769406142936,0.0,20,0.0676642009001493,1354.9993231450028,0.00014444444444444446,1,10,0,2,261.02287667766655
2025-12-30,ARM_V0,256630.76013754006,0.3451375400616827,0.0,20,0.06712819613193362,1354.9993231450028,0.00014444444444444446,1,10,0,3,256.5764921731241
2025-12-31,ARM_V0,255556.40518739325,0.34518739326191383,0.0,20,0.06689294282201504,1354.9993231450028,0.00014444444444444446,1,10,0,4,255.5023644095241
2026-01-02,ARM_V0,254226.10523725365,0.34523725366316277,0.0,20,0.06534026072773991,1354.9993231450028,0.00014444444444444446,1,10,0,5,254.1723457688827
2026-01-05,ARM_V0,244220.18528712125,0.3452871212664697,0.0,20,0.06576589883885811,1354.9993231450028,0.00014444444444444446,1,10,0,6,244.1685417027055
2026-01-06,ARM_V0,251363.31873699612,0.3453369960728749,4665.2334,20,0.07789235159043228,1356.1659231450028,0.00014444444444444446,1,10,0,7,251.31016464264908
2026-01-07,ARM_V0,268570.327788724,0.3927887240270081,0.0,22,0.0780997669128237,1357.3319281450028,0.00014444444444444446,1,10,0,8,268.51353504500213
2026-01-08,ARM_V0,266555.57284546015,0.3928454601760342,0.0,22,0.08555180353787298,1357.3319281450028,0.00014444444444444446,0,10,0,9,266.4992061482867
2026-01-09,ARM_V0,271025.3393647045,0.3929022045202819,71796.1964625,21,0.06127117131898183,1375.285465645003,0.00014444444444444446,0,10,1,0,270.9680274763533
2026-01-12,ARM_V0,265204.6758967153,3.025896715360313,0.0,24,0.06458362750236914,1393.2293706450027,0.00014444444444444446,1,10,0,1,265.14859486454753
2026-01-13,ARM_V0,267134.5772137892,1.485726289274754,13430.6914875,25,0.06420599002529519,1396.5882681450028,0.00014444444444444446,1,10,0,2,267.07808807849324
2026-01-14,ARM_V0,266844.0501113555,0.26011135548966313,0.0,27,0.06394611381771206,1399.9454081450028,0.00014444444444444446,1,10,0,3,266.78762241185325
2026-01-15,ARM_V0,267000.6201489271,0.26014892712990056,0.0,27,0.06744014298527223,1399.9454081450028,0.00014444444444444446,0,10,0,4,266.9441593406221
2026-01-16,ARM_V0,264281.5101865043,0.26018650419715267,0.0,27,0.06886323597574688,1399.9454081450028,0.00014444444444444446,0,10,0,5,264.22562436992126
2026-01-20,ARM_V0,270199.3902240867,0.26022408669220337,0.0,27,0.07378728717139313,1399.9454081450028,0.00014444444444444446,0,10,0,6,270.1422529935924
2026-01-21,ARM_V0,274455.77026167465,0.2602616746158367,0.0,27,0.08036544459958121,1399.9454081450028,0.00014444444444444446,0,10,0,7,274.3977329633931
2026-01-22,ARM_V0,276563.55529926793,0.2602992679688368,0.0,27,0.08009500737011474,1399.9454081450028,0.00014444444444444446,0,10,0,8,276.5050722819956
2026-01-23,ARM_V0,271790.22533686674,0.26033686675198786,0.0,27,0.07670813022859664,1399.9454081450028,0.00014444444444444446,0,10,0,9,271.73275170327236
2026-01-26,ARM_V0,269931.491084471,0.2603744709660743,183551.26071,16,0.06104511901815657,1445.844698145003,0.00014444444444444446,1,10,1,0,269.87441050478884
2026-01-27,ARM_V0,273288.91886165173,3710.0826516517163,13771.71621,27,0.06562999361521787,1494.237744395003,0.00014444444444444446,1,10,0,1,273.2311283095132
2026-01-28,ARM_V0,270202.71978810604,0.7197881060947446,0.0,29,0.06834516697123526,1498.6069218950029,0.00014444444444444446,1,10,0,2,270.14558185353144
2026-01-29,ARM_V0,263056.2012470755,0.7198920754878473,6872.861355,29,0.07175462851860766,1500.3255668950028,0.00014444444444444446,1,10,0,3,263.0005745382545
2026-01-30,ARM_V0,245865.79488414066,4.064884140621993,0.0,30,0.08203154086360048,1502.0425168950028,0.00014444444444444446,1,10,0,4,245.8138033138366
2026-02-02,ARM_V0,248267.23495879053,4.0654712905534165,60226.9894875,27,0.09378361991208696,1517.1030293950027,0.00014444444444444446,1,10,0,5,248.21473557225877
2026-02-03,ARM_V0,257919.06020466,11.015302159962692,6278.819902499999,29,0.09438174123573431,1533.7243743950028,0.00014444444444444446,1,10,0,6,257.8645198121759
2026-02-04,ARM_V0,245883.10653264628,8.606532646245984,0.0,31,0.08320722105926213,1535.2942893950028,0.00014444444444444446,0,10,0,7,245.83111130156544
2026-02-05,ARM_V0,234684.08277581213,8.607775812072665,0.0,31,0.08593254285278919,1535.2942893950028,0.00014444444444444446,0,10,0,8,234.6344557262478
2026-02-06,ARM_V0,245594.9490191575,8.609019157467744,0.0,31,0.08521449681103785,1535.2942893950028,0.00014444444444444446,0,10,0,9,245.54301472278954
2026-02-09,ARM_V0,253060.9224026173,2.1877301172904895,125709.8746725,19,0.06224509043296321,1566.7312218950024,0.00014444444444444446,0,10,1,0,253.00740932754917
2026-02-10,ARM_V0,250792.47368650418,38930.94368650418,0.0,22,0.06248030401258099,1588.4224843950026,0.00014444444444444446,0,10,0,1,250.7394403048841
2026-02-11,ARM_V0,254071.24517543474,4.545175434701462,0.0,26,0.06369150506908523,1598.1516518950025,0.00014444444444444446,0,10,0,2,254.01751845426958
2026-02-12,ARM_V0,251494.80583196005,4.5458319600420305,0.0,26,0.06766672553615564,1598.1516518950025,0.00014444444444444446,1,10,0,3,251.4416239329298
2026-02-13,ARM_V0,250884.97712108027,4.546488580214037,12114.4406325,26,0.06742978473292796,1601.1810193950025,0.00014444444444444446,1,10,0,4,250.83192417838694
2026-02-17,ARM_V0,253554.3012905995,8.011290599510344,0.0,28,0.06421097933314221,1604.2080068950024,0.00014444444444444446,1,10,0,5,253.50068388404785
2026-02-18,ARM_V0,260729.23244778588,8.012447785930274,0.0,28,0.07179739618858746,1604.2080068950024,0.00014444444444444446,1,10,0,6,260.67409780725757
2026-02-19,ARM_V0,265809.57054791524,0.26054791519379655,3439.14,29,0.07100240958629404,1605.0699443950023,0.00014444444444444446,1,10,0,7,265.75336160278255
2026-02-20,ARM_V0,268614.0381194594,0.6511694594201192,13208.89695,31,0.06533236357585838,1609.232466895002,0.00014444444444444446,0,10,0,8,268.55723613261074
2026-02-23,ARM_V0,272295.93656435166,0.016564351703614,0.0,34,0.06608703099668617,1612.534024395002,0.00014444444444444446,0,10,0,9,272.2383559914376
2026-02-24,ARM_V0,280683.13733924436,0.01656674433219341,111289.08077249999,20,0.06142171618654465,1640.3632518950021,0.00014444444444444446,0,10,1,0,280.6237831819285
2026-02-25,ARM_V0,277255.30198805965,25.281988059623963,0.0,25,0.06158316857268007,1668.172254395002,0.00014444444444444446,0,10,0,1,277.1966726918117
2026-02-26,ARM_V0,278693.8475648853,4.807564885371464,0.0,26,0.06315639958970418,1668.1773718950021,0.00014444444444444446,1,10,0,2,278.63491406917143
2026-02-27,ARM_V0,277711.43687468464,1.2968746846604626,0.0,27,0.06203035854001705,1668.178249395002,0.00014444444444444446,1,10,0,3,277.65271112268925
2026-03-02,ARM_V0,286570.673447011,1.2970620110038025,7752.521385,26,0.06652139163683442,1670.116864395002,0.00014444444444444446,1,10,0,4,286.5100742924086
2026-03-03,ARM_V0,272700.04057175526,0.2405717552382381,0.0,28,0.06493893423290595,1672.0547743950021,0.00014444444444444446,1,10,0,5,272.6423745457105
2026-03-04,ARM_V0,275099.5137415046,0.2406065044917725,24501.333135,27,0.0671607875590822,1678.181639395002,0.00014444444444444446,1,10,0,6,275.04134031516014
2026-03-05,ARM_V0,263218.1403089709,1.0903089708230438,0.0,31,0.06689812479994892,1684.305229395002,0.00014444444444444446,1,10,0,7,263.16247935599597
2026-03-06,ARM_V0,256424.26166646,1.0904664598966072,12352.111200000001,31,0.07996033552655782,1687.394029395002,0.00014444444444444446,1,10,0,8,256.3700373688736
2026-03-09,ARM_V0,264683.9086602559,2.4150902558869984,43254.90357,33,0.07785308938614069,1701.2973843950017,0.00014444444444444446,1,10,0,9,264.6279377511998
2026-03-10,ARM_V0,267735.1183153955,0.3471703954822942,71537.531145,21,0.06010096882787123,1729.9977793950018,0.00014444444444444446,0,10,1,0,267.6785021877502
2026-03-11,ARM_V0,264555.46968794457,3.4796879444936666,0.0,22,0.06441439301973556,1747.8769093950016,0.00014444444444444446,0,10,0,1,264.4995259390059
2026-03-12,ARM_V0,259944.7701905661,3.4801905660856494,0.0,22,0.06357688976733172,1747.8769093950016,0.00014444444444444446,0,10,0,2,259.8898014349451
2026-03-13,ARM_V0,260266.7006932603,3.4806932602785285,0.0,22,0.06609420242458798,1747.8769093950016,0.00014444444444444446,1,10,0,3,260.2116638611817
2026-03-16,ARM_V0,265743.44119602704,3.4811960270827913,0.0,22,0.06884226349166998,1747.8769093950016,0.00014444444444444446,1,10,0,4,265.68724623481944
2026-03-17,ARM_V0,272401.2266988665,3.4816988665089257,0.0,22,0.06873838354883559,1747.8769093950016,0.00014444444444444446,1,10,0,5,272.34362386096257
2026-03-18,ARM_V0,267503.3172017786,3.4822017785674215,0.0,22,0.07325494205075118,1747.8769093950016,0.00014444444444444446,1,10,0,6,267.44675009154093
2026-03-19,ARM_V0,272512.51120476326,3.4827047632687704,19321.1685,21,0.07366392064442258,1752.7084093950016,0.00014444444444444446,1,10,0,7,272.45488483428045
2026-03-20,ARM_V0,262668.8018377198,1.4918377198161197,0.0,24,0.07115439621773945,1757.5379918950016,0.00014444444444444446,1,10,0,8,262.61325704962155
2026-03-23,ARM_V0,269681.0178882075,1.4920532074867598,6575.015835,23,0.06772719912964506,1759.1821568950015,0.00014444444444444446,1,10,0,9,269.62399027439153
2026-03-24,ARM_V0,270070.7248988267,3.535566326644438,64146.62933250001,21,0.06242631446379787,1776.8656568950012,0.00014444444444444446,1,10,1,0,270.0136148763151
2026-03-25,ARM_V0,271996.44699193066,18.95884193053672,14683.728150000003,25,0.062014633597402904,1796.5663018950013,0.00014444444444444446,0,10,0,1,271.93892975004303
2026-03-26,ARM_V0,268372.61254350404,0.772543504041331,0.0,27,0.06371536885951104,1800.2408618950012,0.00014444444444444446,0,10,0,2,268.3158616092827
2026-03-27,ARM_V0,266126.3176550936,0.7726550936585814,0.0,27,0.06514868635604165,1800.2408618950012,0.00014444444444444446,1,10,0,3,266.0700417296008
2026-03-30,ARM_V0,258470.6677666994,0.7727666993943322,0.0,27,0.06823087568264537,1800.2408618950012,0.00014444444444444446,1,10,0,4,258.41601072950937
2026-03-31,ARM_V0,264664.1828783212,0.7728783212509114,0.0,27,0.06433299668594734,1800.2408618950012,0.00014444444444444446,1,10,0,5,264.60821614054225
2026-04-01,ARM_V0,262439.7079899592,0.7729899592306476,0.0,27,0.06334986472640064,1800.2408618950012,0.00014444444444444446,1,10,0,6,262.3842116467815
2026-04-02,ARM_V0,267363.7872753633,0.7731016133358699,3.3041737500000004,26,0.06506999387348636,1800.2416881450013,0.00014444444444444446,0,10,0,7,267.3072496705718
2026-04-06,ARM_V0,272251.84786430316,4.077864303110574,0.0,26,0.0678408618523162,1800.2416881450013,0.00014444444444444446,0,10,0,8,272.19427661452715
2026-04-07,ARM_V0,273676.2986533279,4.078453327954357,0.0,26,0.06759660990385527,1800.2416881450013,0.00014444444444444446,0,10,0,9,273.61842618461503
2026-04-08,ARM_V0,276642.1775921131,1.237922113101728,112613.15967000001,20,0.05965706366125174,1828.402728145001,0.00014444444444444446,0,10,1,0,276.5836779491183
2026-04-09,ARM_V0,274974.4281920464,778.9581920464017,0.0,25,0.06200816603968553,1856.3546281450012,0.00014444444444444446,1,10,0,1,274.91628121669385
2026-04-10,ARM_V0,275669.3136208964,0.3036208964194719,0.0,28,0.06424363948014537,1856.5492431450011,0.00014444444444444446,1,10,0,2,275.6110197028402
2026-04-13,ARM_V0,278709.8236647528,0.30366475277117694,0.0,28,0.06682491400949994,1856.5492431450011,0.00014444444444444446,1,10,0,3,278.6508867906816
2026-04-14,ARM_V0,277011.97370861546,0.30370861545768835,0.0,28,0.07117049756389947,1856.5492431450011,0.00014444444444444446,1,10,0,4,276.95339586734667
2026-04-15,ARM_V0,275964.1137524844,0.30375248447992115,0.0,28,0.07179788607503908,1856.5492431450011,0.00014444444444444446,1,10,0,5,275.9057574950459
2026-04-16,ARM_V0,279205.2037963599,0.3037963598387905,0.0,28,0.07024740131385655,1856.5492431450011,0.00014444444444444446,1,10,0,6,279.14616216761567
2026-04-17,ARM_V0,276273.2138402416,0.30384024153521166,0.0,28,0.07330062773190307,1856.5492431450011,0.00014444444444444446,1,10,0,7,276.21479221950625
2026-04-20,ARM_V0,279583.82147412957,0.3038841295701001,3328.80759,28,0.07148925819318003,1857.381653145001,0.00014444444444444446,1,10,0,8,279.52469978167574
2026-04-21,ARM_V0,284289.8920155048,6.622015504778145,0.0,30,0.06990104311874794,1858.2120681450012,0.00014444444444444446,0,10,0,9,284.22977516226615
2026-04-22,ARM_V0,288555.7819845181,6.622972018128835,202433.3290125,23,0.06017138135506696,1908.8330556450014,0.00014444444444444446,0,10,1,0,288.4947630524915
2026-04-23,ARM_V0,289488.7548963763,51.35489637626767,0.0,32,0.06262298515356572,1959.4175606450012,0.00014444444444444446,0,10,0,1,289.42753867490256
2026-04-24,ARM_V0,291164.0524048721,0.8724048721053546,0.0,33,0.06455621785983041,1959.4301781450013,0.00014444444444444446,1,10,0,2,291.1024819196089
2026-04-27,ARM_V0,289364.73753088614,0.8725308861424365,0.0,33,0.06472868864334508,1959.4301781450013,0.00014444444444444446,1,10,0,3,289.30354753452264
2026-04-28,ARM_V0,280415.2426569184,0.872656918381546,0.0,33,0.06288210238832735,1959.4301781450013,0.00014444444444444446,1,10,0,4,280.3559451494721
2026-04-29,ARM_V0,278945.2622679689,0.8727829688253123,12039.049485,33,0.06191293538948605,1962.4406931450012,0.00014444444444444446,1,10,0,5,278.8862756072948
2026-04-30,ARM_V0,288754.719729431,6.795719430974081,12060.94401,34,0.06605467788672804,1968.4642131450014,0.00014444444444444446,1,10,0,6,288.69365872939017
2026-05-01,ARM_V0,291494.0746584341,2.814658434030514,0.0,37,0.06909272520753541,1971.4796906450013,0.00014444444444444446,0,10,0,7,291.4324343856057
2026-05-04,ARM_V0,290411.2800649958,2.8150649958043186,0.0,37,0.06579069516763908,1971.4796906450013,0.00014444444444444446,0,10,0,8,290.3498687633883
2026-05-05,ARM_V0,293113.84547161625,2.8154716163037126,0.0,37,0.06702201313073877,1971.4796906450013,0.00014444444444444446,1,10,0,9,293.0518626768516
2026-05-06,ARM_V0,293627.59820329555,2.815878295537179,129478.322325,17,0.060106747826137806,2003.857365645002,0.00014444444444444446,1,10,1,0,293.565506768729
2026-05-07,ARM_V0,289607.2123722237,396.9323722236555,0.0,23,0.0643645572474279,2036.1203656450018,0.00014404761904761903,1,10,0,1,289.5459711013518
2026-05-08,ARM_V0,296905.30399669596,2.113996695987663,0.0,26,0.06342870856968447,2036.2190456450016,0.00014404761904761903,1,10,0,2,296.8425194479397
2026-05-11,ARM_V0,306310.8557687122,2.114301212178394,23828.171467500004,24,0.06104533890277478,2042.1775781450017,0.00014404761904761903,1,10,0,3,306.246082291783
2026-05-12,ARM_V0,299941.2155198018,2.09050980177456,4058.94501,27,0.06383210779092148,2049.1481281450015,0.00014404761904761903,0,10,0,4,299.87778898744847
2026-05-13,ARM_V0,306431.2255464027,0.08054640262036714,0.0,30,0.06299064322045425,2050.1631131450017,0.00014404761904761903,0,10,0,5,306.3664266156939
2026-05-14,ARM_V0,308142.1705580051,0.08055800513788744,0.0,30,0.06681694999005103,2050.1631131450017,0.00014404761904761903,1,10,0,6,308.07700982537136
2026-05-15,ARM_V0,306378.59056960937,0.08056960932672277,0.0,30,0.07653511283671906,2050.1631131450017,0.00014404761904761903,1,10,0,7,306.31380276926177
2026-05-18,ARM_V0,293551.6505812152,0.08058121518711388,0.0,30,0.07744402034527265,2050.1631131450017,0.00014404761904761903,1,10,0,8,293.48957520677664
2026-05-19,ARM_V0,292324.23000279063,0.08059279074262884,3481.48941,29,0.07874742370750534,2051.0337031450017,0.00014365079365079365,1,10,0,9,292.262414182648
2026-05-20,ARM_V0,295294.0495280875,10.724048087496906,118748.38548,20,0.06004340428916612,2081.595718145002,0.00014365079365079365,1,10,1,0,295.2316057003739
2026-05-21,ARM_V0,299161.2491110565,4.929111056508229,0.0,25,0.059137405170521955,2111.276843145002,0.00014365079365079365,1,10,0,1,299.09798751290396
2026-05-22,ARM_V0,306413.7883309914,1.1483309914734892,0.0,26,0.06312388912181241,2111.277788145002,0.00014365079365079365,0,10,0,2,306.34899308761214
2026-05-26,ARM_V0,316317.51849595015,1.1484959501317882,0.0,26,0.06189672988424975,2111.277788145002,0.00014365079365079365,0,10,0,3,316.25062897799563
2026-05-27,ARM_V0,306584.21366093255,1.1486609324865293,0.0,26,0.05873283488729917,2111.277788145002,0.00014365079365079365,0,10,0,4,306.5193823788659
2026-05-28,ARM_V0,304517.0488259385,1.1488259385411166,0.0,26,0.06072881656806857,2111.277788145002,0.00014365079365079365,1,10,0,5,304.4526546731842
2026-05-29,ARM_V0,301500.3089909684,1.1489909682989545,0.0,26,0.06119396713637425,2111.277788145002,0.00014365079365079365,1,10,0,6,301.4365527677044
2026-06-01,ARM_V0,302653.36415602174,1.1491560217634482,0.0,26,0.06548897962945588,2111.277788145002,0.00014365079365079365,1,10,0,7,302.5893641040108
2026-06-02,ARM_V0,324384.849321099,1.1493210989380032,0.0,26,0.08067916875517821,2111.277788145002,0.00014365079365079365,1,10,0,8,324.31625385946916
2026-06-03,ARM_V0,327844.91948619985,1.149486199826025,0.0,26,0.08280896968770252,2111.277788145002,0.00014365079365079365,0,10,0,9,327.7755923470249
2026-06-04,ARM_V0,330742.0912613244,1.1496513244309208,130440.94161,15,0.060273822191711846,2143.896178145001,0.00014365079365079365,0,10,1,0,330.6721514769049
2026-06-05,ARM_V0,307555.9190815712,0.4890815712802591,0.0,24,0.0584052488849542,2176.4984281450006,0.00014365079365079365,1,10,0,1,307.4908823195568
2026-06-08,ARM_V0,312375.3830418283,0.48915182823613346,68847.22389000001,22,0.06099245021957697,2193.7145381450005,0.00014365079365079365,1,10,0,2,312.3093271404926
2026-06-09,ARM_V0,302551.2254727225,0.14547272251506627,0.0,27,0.061554138380705524,2210.9221281450004,0.00014365079365079365,1,10,0,3,302.48724701928546
