date,variant,equity,cash_free,cash_pending,n_tickers,max_concentration,cost_total_cum,ret_cash,regime_defensive_used,def_sell_25_cum,def_sell_50_cum,def_sell_100_cum,quarantine_size,quarantine_entries_cum,rebalance_cadence,is_rebalance_day,equity_base100
2024-06-03,ARM_A2D,100021.1507936508,100021.1507936508,0.0,0,0.0,0.0,0.00021150793650793651,0,0,0,0,0,0,10,1,100.0
2024-06-04,ARM_A2D,100042.3060608623,100042.3060608623,0.0,0,0.0,0.0,0.00021150793650793651,0,0,0,0,0,0,10,0,100.02115079365079
2024-06-05,ARM_A2D,100063.46580258073,100063.46580258073,0.0,0,0.0,0.0,0.00021150793650793651,0,0,0,0,0,0,10,0,100.04230606086229
2024-06-06,ARM_A2D,100084.63001975247,100084.63001975247,0.0,0,0.0,0.0,0.00021150793650793651,0,0,0,0,0,0,10,0,100.06346580258072
2024-06-07,ARM_A2D,100105.79871332411,100105.79871332411,0.0,0,0.0,0.0,0.00021150793650793651,0,0,0,0,0,0,10,0,100.08463001975247
2024-06-10,ARM_A2D,100126.97188424245,100126.97188424245,0.0,0,0.0,0.0,0.00021150793650793651,0,0,0,0,0,0,10,0,100.1057987133241
2024-06-11,ARM_A2D,100148.14953345447,100148.14953345447,0.0,0,0.0,0.0,0.00021150793650793651,0,0,0,0,0,0,10,0,100.12697188424244
2024-06-12,ARM_A2D,100169.33166190739,100169.33166190739,0.0,0,0.0,0.0,0.00021150793650793651,0,0,0,0,0,0,10,0,100.14814953345447
2024-06-13,ARM_A2D,100190.51827054858,100190.51827054858,0.0,0,0.0,0.0,0.00021150793650793651,0,0,0,0,0,0,10,0,100.16933166190738
2024-06-14,ARM_A2D,100211.70936032564,100211.70936032564,0.0,0,0.0,0.0,0.00021150793650793651,0,0,0,0,0,0,10,0,100.19051827054857
2024-06-17,ARM_A2D,100232.90493218637,100232.90493218637,0.0,0,0.0,0.0,0.00021150793650793651,0,0,0,0,0,0,10,1,100.21170936032564
2024-06-18,ARM_A2D,100254.10498707877,100254.10498707877,0.0,0,0.0,0.0,0.00021150793650793651,0,0,0,0,0,0,10,0,100.23290493218636
2024-06-20,ARM_A2D,100275.30952595103,100275.30952595103,0.0,0,0.0,0.0,0.00021150793650793651,0,0,0,0,0,0,10,0,100.25410498707876
2024-06-21,ARM_A2D,100296.51854975156,100296.51854975156,0.0,0,0.0,0.0,0.00021150793650793651,0,0,0,0,0,0,10,0,100.27530952595103
2024-06-24,ARM_A2D,100317.73205942895,100317.73205942895,0.0,0,0.0,0.0,0.00021150793650793651,0,0,0,0,0,0,10,0,100.29651854975154
2024-06-25,ARM_A2D,100338.950055932,100338.950055932,0.0,0,0.0,0.0,0.00021150793650793651,0,0,0,0,0,0,10,0,100.31773205942895
2024-06-26,ARM_A2D,100360.1725402097,100360.1725402097,0.0,0,0.0,0.0,0.00021150793650793651,0,0,0,0,0,0,10,0,100.338950055932
2024-06-27,ARM_A2D,100381.39951321126,100381.39951321126,0.0,0,0.0,0.0,0.00021150793650793651,0,0,0,0,0,0,10,0,100.3601725402097
2024-06-28,ARM_A2D,100402.63097588607,100402.63097588607,0.0,0,0.0,0.0,0.00021150793650793651,0,0,0,0,0,0,10,0,100.38139951321125
2024-07-01,ARM_A2D,100423.86692918374,100423.86692918374,0.0,0,0.0,0.0,0.00021150793650793651,0,0,0,0,0,0,10,0,100.40263097588607
2024-07-02,ARM_A2D,100445.10737405407,100445.10737405407,0.0,0,0.0,0.0,0.00021150793650793651,0,0,0,0,0,0,10,1,100.42386692918373
2024-07-03,ARM_A2D,100466.35231144707,100466.35231144707,0.0,0,0.0,0.0,0.00021150793650793651,0,0,0,0,0,0,10,0,100.44510737405406
2024-07-05,ARM_A2D,100487.60174231295,100487.60174231295,0.0,0,0.0,0.0,0.00021150793650793651,0,0,0,0,0,0,10,0,100.46635231144707
2024-07-08,ARM_A2D,100508.8556676021,100508.8556676021,0.0,0,0.0,0.0,0.00021150793650793651,0,0,0,0,0,0,10,0,100.48760174231295
2024-07-09,ARM_A2D,100530.11408826512,100530.11408826512,0.0,0,0.0,0.0,0.00021150793650793651,0,0,0,0,0,0,10,0,100.50885566760208
2024-07-10,ARM_A2D,100551.37700525284,100551.37700525284,0.0,0,0.0,0.0,0.00021150793650793651,0,0,0,0,0,0,10,0,100.53011408826511
2024-07-11,ARM_A2D,100572.64441951625,100572.64441951625,0.0,0,0.0,0.0,0.00021150793650793651,0,0,0,0,0,0,10,0,100.55137700525283
2024-07-12,ARM_A2D,100593.91633200657,100593.91633200657,0.0,0,0.0,0.0,0.00021150793650793651,0,0,0,0,0,0,10,0,100.57264441951625
2024-07-15,ARM_A2D,100615.1927436752,100615.1927436752,0.0,0,0.0,0.0,0.00021150793650793651,0,0,0,0,0,0,10,0,100.59391633200656
2024-07-16,ARM_A2D,100636.47365547376,100636.47365547376,0.0,0,0.0,0.0,0.00021150793650793651,0,0,0,0,0,0,10,0,100.61519274367518
2024-07-17,ARM_A2D,100657.75906835406,100657.75906835406,0.0,0,0.0,0.0,0.00021150793650793651,0,0,0,0,0,0,10,1,100.63647365547375
2024-07-18,ARM_A2D,100679.04898326812,100679.04898326812,0.0,0,0.0,0.0,0.00021150793650793651,0,0,0,0,0,0,10,0,100.65775906835405
2024-07-19,ARM_A2D,100700.34340116815,100700.34340116815,0.0,0,0.0,0.0,0.00021150793650793651,0,0,0,0,0,0,10,0,100.67904898326812
2024-07-22,ARM_A2D,100721.64232300657,100721.64232300657,0.0,0,0.0,0.0,0.00021150793650793651,0,0,0,0,0,0,10,0,100.70034340116814
2024-07-23,ARM_A2D,100742.945749736,100742.945749736,0.0,0,0.0,0.0,0.00021150793650793651,0,0,0,0,0,0,10,0,100.72164232300655
2024-07-24,ARM_A2D,100764.25368230925,100764.25368230925,0.0,0,0.0,0.0,0.00021150793650793651,0,0,0,0,0,0,10,0,100.742945749736
2024-07-25,ARM_A2D,100785.56612167935,100785.56612167935,0.0,0,0.0,0.0,0.00021150793650793651,0,0,0,0,0,0,10,0,100.76425368230923
2024-07-26,ARM_A2D,100806.88306879954,100806.88306879954,0.0,0,0.0,0.0,0.00021150793650793651,0,0,0,0,0,0,10,0,100.78556612167935
2024-07-29,ARM_A2D,100828.20452462322,100828.20452462322,0.0,0,0.0,0.0,0.00021150793650793651,0,0,0,0,0,0,10,0,100.80688306879952
2024-07-30,ARM_A2D,100849.53049010402,100849.53049010402,0.0,0,0.0,0.0,0.00021150793650793651,0,0,0,0,0,0,10,0,100.82820452462322
2024-07-31,ARM_A2D,100870.86096619577,100870.86096619577,0.0,0,0.0,0.0,0.00021150793650793651,0,0,0,0,0,0,10,1,100.84953049010402
2024-08-01,ARM_A2D,100892.19595385251,100892.19595385251,0.0,0,0.0,0.0,0.00021150793650793651,0,0,0,0,0,0,10,0,100.87086096619578
2024-08-02,ARM_A2D,100913.53545402846,100913.53545402846,0.0,0,0.0,0.0,0.00021150793650793651,0,0,0,0,0,0,10,0,100.89219595385251
2024-08-05,ARM_A2D,100934.87946767807,100934.87946767807,0.0,0,0.0,0.0,0.00021150793650793651,0,0,0,0,0,0,10,0,100.91353545402846
2024-08-06,ARM_A2D,100956.22799575595,100956.22799575595,0.0,0,0.0,0.0,0.00021150793650793651,0,0,0,0,0,0,10,0,100.93487946767806
2024-08-07,ARM_A2D,100977.58103921695,100977.58103921695,0.0,0,0.0,0.0,0.00021150793650793651,0,0,0,0,0,0,10,0,100.95622799575594
2024-08-08,ARM_A2D,100998.93859901612,100998.93859901612,0.0,0,0.0,0.0,0.00021150793650793651,0,0,0,0,0,0,10,0,100.97758103921694
2024-08-09,ARM_A2D,101020.30067610869,101020.30067610869,0.0,0,0.0,0.0,0.00021150793650793651,0,0,0,0,0,0,10,0,100.99893859901611
2024-08-12,ARM_A2D,101041.6672714501,101041.6672714501,0.0,0,0.0,0.0,0.00021150793650793651,0,0,0,0,0,0,10,0,101.02030067610868
2024-08-13,ARM_A2D,101063.03838599601,101063.03838599601,0.0,0,0.0,0.0,0.00021150793650793651,0,0,0,0,0,0,10,0,101.0416672714501
2024-08-14,ARM_A2D,101084.41402070226,101084.41402070226,0.0,0,0.0,0.0,0.00021150793650793651,0,0,0,0,0,0,10,1,101.06303838599602
2024-08-15,ARM_A2D,101105.79417652488,101105.79417652488,0.0,0,0.0,0.0,0.00021150793650793651,0,0,0,0,0,0,10,0,101.08441402070225
2024-08-16,ARM_A2D,101127.17885442016,101127.17885442016,0.0,0,0.0,0.0,0.00021150793650793651,0,0,0,0,0,0,10,0,101.10579417652488
2024-08-19,ARM_A2D,101148.56805534453,101148.56805534453,0.0,0,0.0,0.0,0.00021150793650793651,0,0,0,0,0,0,10,0,101.12717885442015
2024-08-20,ARM_A2D,101169.96178025464,101169.96178025464,0.0,0,0.0,0.0,0.00021150793650793651,0,0,0,0,0,0,10,0,101.14856805534451
2024-08-21,ARM_A2D,101191.36003010737,101191.36003010737,0.0,0,0.0,0.0,0.00021150793650793651,0,0,0,0,0,0,10,0,101.16996178025464
2024-08-22,ARM_A2D,101212.76280585978,101212.76280585978,0.0,0,0.0,0.0,0.00021150793650793651,0,0,0,0,0,0,10,0,101.19136003010738
2024-08-23,ARM_A2D,101234.17010846912,101234.17010846912,0.0,0,0.0,0.0,0.00021150793650793651,0,0,0,0,0,0,10,0,101.21276280585978
2024-08-26,ARM_A2D,101255.58193889285,101255.58193889285,0.0,0,0.0,0.0,0.00021150793650793651,0,0,0,0,0,0,10,0,101.23417010846912
2024-08-27,ARM_A2D,101276.99829808866,101276.99829808866,0.0,0,0.0,0.0,0.00021150793650793651,0,0,0,0,0,0,10,0,101.25558193889283
2024-08-28,ARM_A2D,101298.4191870144,101298.4191870144,0.0,0,0.0,0.0,0.00021150793650793651,0,0,0,0,0,0,10,1,101.27699829808864
2024-08-29,ARM_A2D,101319.84460662816,101319.84460662816,0.0,0,0.0,0.0,0.00021150793650793651,0,0,0,0,0,0,10,0,101.29841918701439
2024-08-30,ARM_A2D,101341.27455788822,101341.27455788822,0.0,0,0.0,0.0,0.00021150793650793651,0,0,0,0,0,0,10,0,101.31984460662815
2024-09-03,ARM_A2D,101362.70904175304,101362.70904175304,0.0,0,0.0,0.0,0.00021150793650793651,0,0,0,0,0,0,10,0,101.34127455788821
2024-09-04,ARM_A2D,101384.14805918132,101384.14805918132,0.0,0,0.0,0.0,0.00021150793650793651,0,0,0,0,0,0,10,0,101.36270904175304
2024-09-05,ARM_A2D,101405.59161113192,101405.59161113192,0.0,0,0.0,0.0,0.00021150793650793651,0,0,0,0,0,0,10,0,101.3841480591813
2024-09-06,ARM_A2D,101427.03969856395,101427.03969856395,0.0,0,0.0,0.0,0.00021150793650793651,0,0,0,0,0,0,10,0,101.40559161113191
2024-09-09,ARM_A2D,101448.49232243671,101448.49232243671,0.0,0,0.0,0.0,0.00021150793650793651,0,0,0,0,0,0,10,0,101.42703969856395
2024-09-10,ARM_A2D,101469.94948370967,101469.94948370967,0.0,0,0.0,0.0,0.00021150793650793651,0,0,0,0,0,0,10,0,101.4484923224367
2024-09-11,ARM_A2D,101491.41118334254,101491.41118334254,0.0,0,0.0,0.0,0.00021150793650793651,0,0,0,0,0,0,10,0,101.46994948370967
2024-09-12,ARM_A2D,101466.12102110514,165.49102110513232,0.0,20,0.05000437534164385,25.3251575,0.00021150793650793651,0,0,0,0,0,0,10,1,101.44466466941115
2024-09-13,ARM_A2D,105161.94000470349,0.7500047035346871,0.0,20,0.05617098733378065,25.3663325,0.00021150793650793651,0,0,0,0,0,0,10,0,105.13970212326234
2024-09-16,ARM_A2D,104217.57016333548,0.750163335481903,0.0,20,0.053733741740700475,25.3663325,0.00021150793650793651,0,0,0,0,0,0,10,0,104.19553198137275
2024-09-17,ARM_A2D,103519.560322001,0.7503220009810346,0.0,20,0.05420424876753898,25.3663325,0.00021150793650793651,1,0,0,0,0,0,10,0,103.49766974344017
2024-09-18,ARM_A2D,103414.88048070001,0.7504807000391787,0.0,20,0.054004220418185186,25.3663325,0.00021150793650793651,1,0,0,0,0,0,10,0,103.39301203807449
2024-09-19,ARM_A2D,104148.21062454216,0.7506245421733527,0.0,20,0.05448869419810013,25.3663325,0.00019166666666666667,1,0,0,0,0,0,10,0,104.12618710957018
2024-09-20,ARM_A2D,104600.65076841188,0.7507684118772693,0.0,20,0.05908902052325003,25.3663325,0.00019166666666666667,1,0,0,0,0,0,10,0,104.57853157899457
2024-09-23,ARM_A2D,102852.13091230915,0.7509123091562123,0.0,20,0.05995169905869248,25.3663325,0.00019166666666666667,1,0,0,0,0,0,10,0,102.830381470514
2024-09-24,ARM_A2D,103187.51111873401,0.7510562340154672,5318.4200625,19,0.059018091762990055,26.69627,0.00019166666666666667,1,0,0,1,1,1,10,0,103.1656907563637
2024-09-25,ARM_A2D,101547.50455653179,5320.190626531773,4183.233929999999,19,0.05963760533995771,27.74234,0.00019166666666666667,1,0,0,2,2,2,10,0,101.52603099521413
2024-09-26,ARM_A2D,101237.46892601094,0.6495810109425195,29715.189345000003,18,0.0580632848920398,37.54809499999999,0.00019166666666666667,1,0,0,2,2,2,10,1,101.21606092582304
2024-09-27,ARM_A2D,101699.63830139574,3.3483013957255987,0.0,23,0.060631090758907595,44.97436124999999,0.00019166666666666667,1,0,0,2,0,2,10,0,101.678132569388
2024-09-30,ARM_A2D,100878.97894315349,3.3489431534931127,0.0,23,0.05961301415817057,44.97436124999999,0.00019166666666666667,0,0,0,2,0,2,10,0,100.85764675040825
2024-10-01,ARM_A2D,97359.53958503425,3.3495850342641984,0.0,23,0.05959107884782793,44.97436124999999,0.00019166666666666667,0,0,0,2,0,2,10,0,97.33895162423435
2024-10-02,ARM_A2D,97452.14022703805,3.350227038062432,0.0,23,0.060537716116399645,44.97436124999999,0.00019166666666666667,1,0,0,2,0,2,10,0,97.43153268460911
2024-10-03,ARM_A2D,97398.5408691649,3.3508691649113937,0.0,23,0.06129455273893147,44.97436124999999,0.00019166666666666667,1,0,0,2,0,2,10,0,97.37794466102827
2024-10-04,ARM_A2D,99418.00651141482,3.3515114148346683,0.0,23,0.06079783946689781,44.97436124999999,0.00019166666666666667,1,0,0,2,0,2,10,0,99.39698326059026
2024-10-07,ARM_A2D,96703.70215378785,3.3521537878558445,0.0,23,0.06283937289532171,44.97436124999999,0.00019166666666666667,1,0,0,2,0,2,10,0,96.68325287847665
2024-10-08,ARM_A2D,96584.65566378397,3.352796283998517,3147.7428675,23,0.06336410227835804,45.761493749999985,0.00019166666666666667,1,0,0,3,1,3,10,0,96.56423156242572
2024-10-09,ARM_A2D,96708.27962378623,3151.6996237862236,0.0,23,0.06440441319222953,45.761493749999985,0.00019166666666666667,1,0,0,3,1,3,10,0,96.68782938050853
2024-10-10,ARM_A2D,96156.15000675031,2.102824250303551,39621.36218250001,20,0.06043700792504725,56.45651375,0.00019166666666666667,1,0,0,3,1,3,10,1,96.13581651857396
2024-10-11,ARM_A2D,98233.63079147208,20.780791472081336,0.0,26,0.062072428259766096,66.35471125000001,0.00019166666666666667,1,0,0,3,1,3,10,0,98.21285799253953
2024-10-14,ARM_A2D,98496.9547744571,20.784774457113485,0.0,26,0.06096147859341873,66.35471125000001,0.00019166666666666667,0,0,0,3,0,3,10,0,98.47612629218973
2024-10-15,ARM_A2D,100331.09875820557,20.788758205551098,0.0,26,0.06237677128486708,66.35471125000001,0.00019166666666666667,0,0,0,3,0,3,10,0,100.30988242196315
2024-10-16,ARM_A2D,102676.10274271756,20.79274271754049,0.0,26,0.06486416821534814,66.35471125000001,0.00019166666666666667,0,0,0,3,0,3,10,0,102.65439052440426
2024-10-17,ARM_A2D,102531.18672799322,20.796727993228018,0.0,26,0.07650355223927609,66.35471125000001,0.00019166666666666667,1,0,0,3,0,3,10,0,102.50950515408563
2024-10-18,ARM_A2D,104797.62071403276,20.80071403276005,0.0,26,0.08840658725718008,66.35471125000001,0.00019166666666666667,1,0,0,3,0,3,10,0,104.77545987271841
2024-10-21,ARM_A2D,104971.93470083627,20.804700836282997,0.0,26,0.09277146341785408,66.35471125000001,0.00019166666666666667,1,0,0,3,0,3,10,0,104.94973699852666
2024-10-22,ARM_A2D,104145.15368840394,20.808688403943282,0.0,26,0.08554982814329497,66.35471125000001,0.00019166666666666667,1,0,0,3,0,3,10,0,104.12313081986149
2024-10-23,ARM_A2D,101324.11767673588,20.81267673588737,0.0,26,0.08501036275964229,66.35471125000001,0.00019166666666666667,1,0,0,3,0,3,10,0,101.30269135352499
2024-10-24,ARM_A2D,101736.6243182565,0.443670756486746,41043.1466475,18,0.060476156361872896,76.62315475,0.00019166666666666667,1,0,0,3,0,3,10,1,101.7151107650669
2024-10-25,ARM_A2D,101455.25285922544,6.5092592254277175,0.0,25,0.06261045949798144,86.87986115000001,0.00019166666666666667,1,0,0,3,0,3,10,0,101.43379880574787
2024-10-28,ARM_A2D,103034.58650683347,6.510506833445924,0.0,25,0.060817636217566654,86.87986115000001,0.00019166666666666667,1,0,0,3,0,3,10,0,103.01279848239255
2024-10-29,ARM_A2D,102768.13175468057,6.511754680589001,0.0,25,0.06120574435482547,86.87986115000001,0.00019166666666666667,0,0,0,3,0,3,10,0,102.74640007561695
2024-10-30,ARM_A2D,101816.1820027669,6.51300276690278,0.0,25,0.06252935314179221,86.87986115000001,0.00019166666666666667,0,0,0,3,0,3,10,0,101.79465162605392
2024-10-31,ARM_A2D,99300.59165109243,6.514251092433102,0.0,25,0.06296639220408123,86.87986115000001,0.00019166666666666667,1,0,0,3,0,3,10,0,99.27959322919116
2024-11-01,ARM_A2D,100358.8771796572,6.515499657225818,3920.2996800000005,24,0.06439161319463134,87.86018115000002,0.00019166666666666667,1,0,0,4,1,4,10,0,100.33765496930059
2024-11-04,ARM_A2D,97726.29781923332,3927.567819233327,0.0,24,0.06482963277416932,87.86018115000002,0.00019166666666666667,1,0,1,4,1,4,10,0,97.70563230255979
2024-11-05,ARM_A2D,102395.90120806536,3928.3206030653464,7115.800605,23,0.06294851575067047,89.63957615000002,0.00019166666666666667,0,0,2,5,3,6,10,0,102.37424824206813
2024-11-06,ARM_A2D,107233.98799796354,11046.237997963557,0.0,23,0.07124550846831405,89.63957615000002,0.00019166666666666667,0,0,2,5,3,6,10,0,107.21131195460171
2024-11-07,ARM_A2D,107449.26468857,3.9688810199778737,47724.035807550004,13,0.060227122249338176,104.33344610000003,0.00019166666666666667,0,0,2,5,3,6,10,1,107.42654312210804
2024-11-08,ARM_A2D,108742.76983995672,9740.77983995673,0.0,20,0.0652641091490044,113.82832110000004,0.00018174603174603174,0,0,2,5,3,6,10,0,108.71977474474284
2024-11-11,ARM_A2D,106277.47018803877,9742.550188038753,0.0,20,0.06661449493927445,113.82832110000004,0.00018174603174603174,1,0,2,5,3,6,10,0,106.2549964130038
2024-11-12,ARM_A2D,108144.89927537451,9744.320857874514,10883.6084175,19,0.07779784397021312,116.54990360000004,0.00018174603174603174,1,0,2,7,4,8,10,0,108.1220306077896
2024-11-13,ARM_A2D,107570.18831966344,20631.67831966345,0.0,19,0.08384823100984806,116.54990360000004,0.00018174603174603174,1,0,2,7,3,8,10,0,107.54744118230226
2024-11-14,ARM_A2D,105313.0001328263,20635.428045326305,11228.842087500001,19,0.07895929267528348,119.35781610000004,0.00018174603174603174,1,1,3,8,5,11,10,0,105.29073030772548
2024-11-15,ARM_A2D,104326.85633497743,31870.06133747743,4578.8649975,18,0.057830075705801294,120.50281860000004,0.00018174603174603174,1,1,4,9,6,13,10,0,104.30479504301
2024-11-18,ARM_A2D,105707.8207827002,36455.55078270021,0.0,18,0.05841630216456596,120.50281860000004,0.00018174603174603174,1,1,4,9,5,13,10,0,105.68546746755727
2024-11-19,ARM_A2D,106264.08651939008,36462.17643439007,4278.590085,18,0.05790517004893477,121.57273360000003,0.00018174603174603174,1,1,4,10,3,14,10,0,106.24161557450864
2024-11-20,ARM_A2D,105703.74099203525,40748.17099203526,0.0,18,0.05976032580035153,121.57273360000003,0.00018174603174603174,0,1,4,10,2,14,10,0,105.68138853961796
2024-11-21,ARM_A2D,109145.5606562296,2.052381229621081,25260.58327499999,18,0.0589753716165698,138.07344235000008,0.00018174603174603174,0,1,4,10,2,14,10,1,109.12248038557661
2024-11-22,ARM_A2D,110863.93053647947,43.930536479453764,0.0,23,0.06091512331666655,144.37654485000007,0.00018174603174603174,0,1,4,10,2,14,10,0,110.84048689381503
2024-11-25,ARM_A2D,109720.22852068013,43.938520680131376,0.0,23,0.06393652378036913,144.37654485000007,0.00018174603174603174,0,1,4,10,2,14,10,0,109.69702672891563
2024-11-26,ARM_A2D,108201.29150633194,43.94650633190577,0.0,23,0.06614486666807645,144.37654485000007,0.00018174603174603174,1,1,4,10,2,14,10,0,108.17841091386484
2024-11-27,ARM_A2D,109836.07449343505,43.954493435040696,0.0,23,0.0650610469552708,144.37654485000007,0.00018174603174603174,1,1,4,10,0,14,10,0,109.81284820450925
2024-11-29,ARM_A2D,112377.5174819898,43.96248198979992,0.0,23,0.06475467836496962,144.37654485000007,0.00018174603174603174,1,1,4,10,0,14,10,0,112.35375377137069
2024-12-02,ARM_A2D,109483.68547199643,43.970471996447266,0.0,23,0.07403961572040223,144.37654485000007,0.00018174603174603174,1,1,4,10,0,14,10,0,109.4605337003844
2024-12-03,ARM_A2D,108286.41757345526,43.97846345524662,4822.354109999999,23,0.07324621293912212,145.58243485000008,0.00018174603174603174,1,1,4,11,1,15,10,0,108.26351897995671
2024-12-04,ARM_A2D,109393.12701008962,4867.217010089627,0.0,23,0.07270465903462507,145.58243485000008,0.00018174603174603174,1,1,4,11,0,15,10,0,109.36999438826066
2024-12-05,ARM_A2D,107779.30996746688,4868.101607466858,4865.343360000001,22,0.07440064333702345,146.7990748500001,0.00018174603174603174,1,1,4,12,1,16,10,0,107.7565186085707
2024-12-06,ARM_A2D,109861.57395487453,1.5128673745365953,63179.85108750001,17,0.06007778481956792,165.0303623500001,0.00018174603174603174,1,1,4,12,1,16,10,1,109.83834227375075
2024-12-09,ARM_A2D,110787.75364402113,12884.65364402111,0.0,24,0.07714119764049587,177.60198235000016,0.00018174603174603174,0,1,4,12,1,16,10,0,110.76432610996692
2024-12-10,ARM_A2D,111794.85537869134,12886.99537869133,0.0,24,0.0753165248210956,177.60198235000016,0.00018174603174603174,0,1,4,12,1,16,10,0,111.77121487967115
2024-12-11,ARM_A2D,112817.73753896254,12889.337538962536,0.0,24,0.08203071788072222,177.60198235000016,0.00018174603174603174,1,1,4,12,1,16,10,0,112.79388073799691
2024-12-12,ARM_A2D,108701.11033241206,12891.680124912076,7037.410207499999,24,0.06887123762679488,179.36177485000016,0.00018174603174603174,1,1,4,13,1,17,10,0,108.6781240466514
2024-12-13,ARM_A2D,113695.62682549626,19932.712365496296,4481.03946,24,0.06074112252883352,180.48231485000017,0.00018174603174603174,1,1,5,13,2,18,10,0,113.67158438324377
2024-12-16,ARM_A2D,119817.02892801061,24418.18892801061,0.0,24,0.06235966679234914,180.48231485000017,0.00018174603174603174,1,1,5,13,1,18,10,0,119.79169203441762
2024-12-17,ARM_A2D,120960.3318369507,24422.626836950698,0.0,24,0.05869031518175243,180.48231485000017,0.00018174603174603174,0,1,5,13,0,18,10,0,120.93475317685416
2024-12-18,ARM_A2D,111814.15055246312,24427.065552463126,0.0,24,0.06003998569796508,180.48231485000017,0.00018174603174603174,0,1,5,13,0,18,10,0,111.79050597322353
2024-12-19,ARM_A2D,109307.50274269495,24431.26274269496,0.0,24,0.05991171544203683,180.48231485000017,0.00017182539682539683,1,1,5,13,0,18,10,0,109.28438822724846
2024-12-20,ARM_A2D,116779.40432973405,1.1469372340448365,36961.1873925,19,0.06001914498732708,195.83092485000017,0.00017182539682539683,1,1,5,14,1,19,10,1,116.75470978199047
2024-12-23,ARM_A2D,123589.35443907898,43.594439078977636,0.0,24,0.08417148909963612,205.0583048500002,0.00017182539682539683,1,1,5,14,1,19,10,0,123.56321983742289
2024-12-24,ARM_A2D,127335.13192971077,43.60192971077176,0.0,24,0.09119879034177537,205.0583048500002,0.00017182539682539683,0,1,5,14,1,19,10,0,127.30820523392121
2024-12-26,ARM_A2D,146043.8594216296,43.609421629646675,0.0,24,0.127341745648538,205.0583048500002,0.00017182539682539683,0,1,5,14,1,19,10,0,146.01297651826283
2024-12-27,ARM_A2D,142062.88691483584,43.61691483582352,0.0,24,0.13569230091428539,205.0583048500002,0.00017182539682539683,0,1,5,14,1,19,10,0,142.0328458406957
2024-12-30,ARM_A2D,143885.4244093295,43.62440932952349,0.0,24,0.12644859668510175,205.0583048500002,0.00017182539682539683,1,1,5,14,1,19,10,0,143.8549979355598
2024-12-31,ARM_A2D,129509.37190511097,43.63190511096781,0.0,24,0.10081471176901553,205.0583048500002,0.00017182539682539683,1,1,5,14,0,19,10,0,129.48198543755612
2025-01-02,ARM_A2D,135153.7701971804,43.63940218037775,26230.260795000002,22,0.06086622658027499,211.61750985000023,0.00017182539682539683,1,2,5,16,3,22,10,0,135.12519014704213
2025-01-03,ARM_A2D,140104.78800050792,26278.414720507913,6145.343279999999,22,0.061428307503443774,213.15422985000023,0.00017182539682539683,1,2,5,17,2,23,10,0,140.07516099225043
2025-01-06,ARM_A2D,140487.6492255929,32429.329225592926,0.0,22,0.06585546879742768,213.15422985000023,0.00017182539682539683,0,2,5,17,2,23,10,0,140.45794125627162
2025-01-07,ARM_A2D,134925.90660439135,0.04393814131581748,20224.277666250004,20,0.06001219635115253,226.31685860000022,0.00017182539682539683,0,2,5,17,2,23,10,1,134.89737473901994
2025-01-08,ARM_A2D,122633.28995457053,7.509954570554173,0.0,22,0.059809208435304156,231.36979860000025,0.00017182539682539683,1,2,5,17,2,23,10,0,122.60735752537964
2025-01-10,ARM_A2D,119625.30182247148,7.5112449714784,12374.5955775,22,0.07085833741576993,234.46422110000026,0.00017182539682539683,1,2,5,19,2,25,10,0,119.60000547210771
2025-01-13,ARM_A2D,111038.87438288976,12384.234382889785,0.0,22,0.06464339664727423,234.46422110000026,0.00017182539682539683,1,2,5,19,2,25,10,0,111.0153937460379
2025-01-14,ARM_A2D,115124.45955887697,12386.362308877004,1130.71725,22,0.0696505332639515,234.74697110000025,0.00017182539682539683,1,4,5,19,3,26,10,0,115.1001149710676
2025-01-15,ARM_A2D,120723.73213643614,13519.402136436129,0.0,22,0.06752218354869557,234.74697110000025,0.00017182539682539683,1,4,5,19,2,26,10,0,120.69820350847185
2025-01-16,ARM_A2D,121821.30511307309,13521.725113073066,0.0,22,0.06662258290917815,234.74697110000025,0.00017182539682539683,0,4,5,19,1,26,10,0,121.79554438880356
2025-01-17,ARM_A2D,118357.95848885638,13524.048488856384,0.0,22,0.06717672475525667,234.74697110000025,0.00017182539682539683,0,4,5,19,1,26,10,0,118.33293013498259
2025-01-21,ARM_A2D,127035.38226385468,13526.37226385467,0.0,22,0.06482808059643422,234.74697110000025,0.00017182539682539683,0,4,5,19,1,26,10,0,127.00851895409177
2025-01-22,ARM_A2D,126829.19643813651,13528.696438136516,0.0,22,0.06650968575768372,234.74697110000025,0.00017182539682539683,0,4,5,19,1,26,10,0,126.80237672909023
2025-01-23,ARM_A2D,125643.50999056453,1.905913064524374,13740.2540775,21,0.060170000030783384,241.56374610000023,0.00017182539682539683,0,4,5,19,1,26,10,1,125.61694101058094
2025-01-24,ARM_A2D,127526.21351780118,4833.423517801175,0.0,21,0.06309102872310174,243.79058110000022,0.00017182539682539683,1,4,5,19,1,26,10,0,127.49924641528555
2025-01-27,ARM_A2D,119248.30402271517,4834.254022715147,0.0,21,0.06452821331978215,243.79058110000022,0.00017182539682539683,1,4,5,19,0,26,10,0,119.22308739351647
2025-01-28,ARM_A2D,121245.10967033096,4835.084670330955,0.0,21,0.064250014051546,243.79058110000022,0.00017182539682539683,1,4,5,19,0,26,10,0,121.21947079019952
2025-01-29,ARM_A2D,117701.6004606731,4835.91546067312,0.0,21,0.06864817443752363,243.79058110000022,0.00017182539682539683,1,4,5,19,0,26,10,0,117.67671090237508
2025-01-30,ARM_A2D,118822.48951876616,4836.746393766164,3186.703125,21,0.06813524975607722,244.58745610000022,0.00017182539682539683,1,4,6,19,1,27,10,0,118.79736293366948
2025-01-31,ARM_A2D,119496.26815116368,8024.828151163635,0.0,21,0.06679706507572865,244.58745610000022,0.00017182539682539683,1,4,6,19,1,27,10,0,119.47099908667431
2025-02-03,ARM_A2D,117249.00702044518,8026.207020445165,0.0,21,0.06901892140194327,244.58745610000022,0.00017182539682539683,1,4,6,19,0,27,10,0,117.22421316900902
2025-02-04,ARM_A2D,121036.73612665142,8027.586126651456,0.0,21,0.0711552564585688,244.58745610000022,0.00017182539682539683,1,4,6,19,0,27,10,0,121.0111413098585
2025-02-05,ARM_A2D,120565.26546982322,8028.965469823218,0.0,21,0.07337436670111427,244.58745610000022,0.00017182539682539683,0,4,6,19,0,27,10,0,120.53977035172898
2025-02-06,ARM_A2D,123275.75541949413,0.21782199413928077,21868.141597499998,20,0.0601351820945947,252.06254385000022,0.00017182539682539683,0,4,6,19,0,27,10,1,123.24968713249349
2025-02-07,ARM_A2D,123458.26461730235,2.184617302384466,0.0,21,0.06506951984868693,257.5277213500002,0.00017182539682539683,0,4,6,19,0,27,10,0,123.43215773632082
2025-02-10,ARM_A2D,131226.0099926751,2.1849926751193602,0.0,21,0.07465737928438773,257.5277213500002,0.00017182539682539683,0,4,6,19,0,27,10,0,131.19826051931923
2025-02-11,ARM_A2D,123258.76036811237,2.1853681123528235,0.0,21,0.07074450508797972,257.5277213500002,0.00017182539682539683,0,4,6,19,0,27,10,0,123.23269567493983
2025-02-12,ARM_A2D,125381.80394361411,2.185743614095938,0.0,21,0.06878143182465538,257.5277213500002,0.00017182539682539683,1,4,6,19,0,27,10,0,125.35529030483137
2025-02-13,ARM_A2D,128544.99611918036,2.186119180359789,0.0,21,0.0786158956403914,257.5277213500002,0.00017182539682539683,1,4,6,19,0,27,10,0,128.5178135816252
2025-02-14,ARM_A2D,123634.63712281115,2.186494811155462,0.0,21,0.07828938738571449,257.5277213500002,0.00017182539682539683,1,4,6,19,0,27,10,0,123.60849294553337
2025-02-18,ARM_A2D,121595.7913105065,2.1868705064940457,5100.96444,21,0.07592006187472662,258.8032813500002,0.00017182539682539683,1,4,6,20,1,28,10,0,121.57007827410962
2025-02-19,ARM_A2D,119115.3281615055,5104.028161505483,0.0,21,0.07437833683325364,258.8032813500002,0.00017182539682539683,1,4,6,20,1,28,10,0,119.0901396518093
2025-02-20,ARM_A2D,117422.09756316977,5104.905163169742,0.0,21,0.07280844217078226,258.8032813500002,0.00017182539682539683,1,4,6,20,0,28,10,0,117.39726710945178
2025-02-21,ARM_A2D,109789.23430827822,1.584924203187218,41585.664684074996,18,0.06007583568239421,270.47780852500017,0.00017182539682539683,1,4,6,20,0,28,10,1,109.76601792432834
2025-02-24,ARM_A2D,103847.51841989212,2.461432392107457,9809.596987500001,25,0.06059412969847775,283.3244197750002,0.00017182539682539683,1,4,6,22,2,30,10,0,103.82555849025906
2025-02-25,ARM_A2D,99752.8110807238,9813.744380723781,0.0,25,0.0592891231427449,283.3244197750002,0.00017182539682539683,1,4,6,22,2,30,10,0,99.73171703105017
2025-02-26,ARM_A2D,103782.38815874634,9815.430631246343,41.8795275,24,0.06819334306678852,283.3348922750002,0.00017182539682539683,1,4,6,23,2,31,10,0,103.76044200176739
2025-02-27,ARM_A2D,98216.044194976,9859.003894976,0.0,24,0.0670909763675563,283.3348922750002,0.00017182539682539683,1,4,6,23,1,31,10,0,98.1952751149616
2025-02-28,ARM_A2D,99155.54422223255,9860.697922232559,0.0,24,0.06361819048526392,283.3348922750002,0.00017182539682539683,0,4,6,23,1,31,10,0,99.13457647252626
2025-03-03,ARM_A2D,91537.46424056604,9862.392240566023,0.0,24,0.06293882016284673,283.3348922750002,0.00017182539682539683,0,4,6,23,1,31,10,0,91.51810743450946
2025-03-04,ARM_A2D,90862.02745002639,9864.086850026408,0.0,24,0.06143468461641045,283.3348922750002,0.00017182539682539683,0,4,6,23,1,31,10,0,90.84281347400193
2025-03-05,ARM_A2D,97580.27225066372,9865.781750663735,0.0,24,0.06840460521419173,283.3348922750002,0.00017182539682539683,0,4,6,23,1,31,10,0,97.55963761302573
2025-03-06,ARM_A2D,93754.39194252806,9867.476942528036,0.0,24,0.06614282138165171,283.3348922750002,0.00017182539682539683,0,4,6,23,1,31,10,0,93.73456633782247
2025-03-07,ARM_A2D,94836.49214517686,1.3287501768388208,39298.59289500001,17,0.06009933382262776,295.62791790000017,0.00017182539682539683,0,4,6,23,1,31,10,1,94.8164377160885
2025-03-10,ARM_A2D,90764.77850837582,3544.5146083758264,0.0,23,0.05967292697684697,304.5646877000001,0.00017182539682539683,1,4,6,23,1,31,10,0,90.74558509692477
2025-03-11,ARM_A2D,94369.18805600496,3545.123646004964,7049.39721,23,0.08343994647200895,306.3274777000001,0.00017182539682539683,1,7,6,24,3,34,10,0,94.3492324445395
2025-03-12,ARM_A2D,97176.79716375523,10596.341263755225,0.0,23,0.0758807679941759,306.3274777000001,0.00017182539682539683,1,7,6,24,1,34,10,0,97.1562478462544
2025-03-13,ARM_A2D,95083.33454429777,10598.161984297767,1664.94366,23,0.0599844339424468,306.7438177000001,0.00017182539682539683,0,8,6,24,1,35,10,0,95.06322791712324
2025-03-14,ARM_A2D,98557.74575729143,12265.212757291412,0.0,23,0.06819129179913075,306.7438177000001,0.00017182539682539683,0,8,6,24,1,35,10,0,98.53690441996767
2025-03-17,ARM_A2D,102825.5516323406,12267.320232340582,0.0,23,0.07223729785140101,306.7438177000001,0.00017182539682539683,0,8,6,24,1,35,10,0,102.8038078110853
2025-03-18,ARM_A2D,100482.00636950748,12269.428069507489,0.0,23,0.06351778721983022,306.7438177000001,0.00017182539682539683,0,8,6,24,1,35,10,0,100.46075812185711
2025-03-19,ARM_A2D,102734.86586885435,12271.536268854354,0.0,23,0.06987833136575308,306.7438177000001,0.00017182539682539683,0,8,6,24,1,35,10,0,102.71314122430175
2025-03-20,ARM_A2D,101013.1972304434,12273.644830443407,0.0,23,0.07328309768388375,306.7438177000001,0.00017182539682539683,1,8,6,24,1,35,10,0,100.99183665546825
2025-03-21,ARM_A2D,102847.65102963903,0.30091303902606653,48903.3047166,21,0.060005833271014476,322.0402702000002,0.00017182539682539683,1,8,6,24,0,35,10,1,102.82590253517425
2025-03-24,ARM_A2D,103520.78510971546,3205.967209715448,0.0,26,0.07420538775723659,333.46196207500014,0.00017182539682539683,1,8,6,24,0,35,10,0,103.4988942721571
2025-03-25,ARM_A2D,103290.49340130347,3206.518076303467,1827.043125,26,0.07557036221787955,333.91883707500017,0.00017182539682539683,0,8,7,24,1,36,10,0,103.2686512619691
2025-03-26,ARM_A2D,99078.41029495432,5034.426094954326,0.0,26,0.07565674477098205,333.91883707500017,0.00017182539682539683,0,8,7,24,1,36,10,0,99.05745885623591
2025-03-27,ARM_A2D,99079.9237372159,5035.29113721588,0.0,26,0.06940306109074147,333.91883707500017,0.00017182539682539683,1,8,7,24,1,36,10,0,99.05897197846014
2025-03-28,ARM_A2D,96400.42795561368,5036.156328113663,1160.3998275000001,26,0.07326004821526046,334.20900957500015,0.00017182539682539683,1,9,7,24,1,37,10,0,96.38004281163803
2025-03-31,ARM_A2D,94907.76629633406,6197.620881334054,4882.719015000001,25,0.07441224544205494,335.42999457500014,0.00017182539682539683,1,9,7,26,3,39,10,0,94.88769679538487
2025-04-01,ARM_A2D,97014.99878013371,11082.243780133704,0.0,25,0.08045869296653968,335.42999457500014,0.00017182539682539683,1,9,7,26,2,39,10,0,96.99448367703852
2025-04-02,ARM_A2D,99753.92049106894,11084.147991068941,0.0,25,0.09191217703389284,335.42999457500014,0.00017182539682539683,0,9,7,26,1,39,10,0,99.73282620679583
2025-04-03,ARM_A2D,96935.40242919598,11086.052529195978,0.0,25,0.09202829695286996,335.42999457500014,0.00017182539682539683,0,9,7,26,1,39,10,0,96.91490415780069
2025-04-04,ARM_A2D,91620.2182015769,1.9225194768995923,40705.8925821,17,0.06076016963583467,348.3793524750001,0.00017182539682539683,1,9,7,26,1,39,10,1,91.60084389610205
2025-04-07,ARM_A2D,91228.31046893018,24074.732776430174,13626.6224925,17,0.06473703140661985,355.94512497500006,0.00017182539682539683,1,9,8,29,3,42,10,0,91.20901903752264
2025-04-08,ARM_A2D,90627.1380192601,37707.83331926011,0.0,17,0.07310525461580818,355.94512497500006,0.00017182539682539683,1,9,8,29,2,42,10,0,90.60797371370874
2025-04-09,ARM_A2D,95976.81226268361,37714.31248268362,4048.2676800000004,17,0.08434974874809037,356.95744497500004,0.00017182539682539683,1,9,8,30,3,43,10,0,95.95651669784235
2025-04-10,ARM_A2D,96224.61583209253,41769.75603459253,1160.5197975,17,0.09301673924703638,357.24764747500006,0.00017182539682539683,0,10,8,30,4,44,10,0,96.20426786591295
2025-04-11,ARM_A2D,99717.78924377321,42937.6523437732,0.0,17,0.1032748527429179,357.24764747500006,0.00017182539682539683,0,10,8,30,4,44,10,0,99.69670259992964
2025-04-14,ARM_A2D,101282.41262292594,42945.03012292593,0.0,17,0.09986195764960056,357.24764747500006,0.00017182539682539683,0,10,8,30,4,44,10,0,101.26099511879963
2025-04-15,ARM_A2D,101698.89566976848,42952.40916976848,0.0,17,0.10658581815084794,357.24764747500006,0.00017182539682539683,0,10,8,30,4,44,10,0,101.67739009480002
2025-04-16,ARM_A2D,101386.76408451868,42959.78948451868,0.0,17,0.10531374678354483,357.24764747500006,0.00017182539682539683,0,10,8,30,4,44,10,0,101.36532451389728
2025-04-17,ARM_A2D,103000.46606739439,42967.171067394396,0.0,17,0.11283444088879746,357.24764747500006,0.00017182539682539683,1,10,8,30,4,44,10,0,102.97868525817113
2025-04-21,ARM_A2D,102170.65043058529,0.555693735290742,31609.548236850005,17,0.061138986329972965,375.8909797500001,0.00017182539682539683,1,10,8,30,0,44,10,1,102.1490450968406
2025-04-22,ARM_A2D,102645.17259370613,2333.9725937061007,0.0,20,0.0677465858772046,383.2082835000001,0.00017182539682539683,1,10,8,30,0,44,10,0,102.62346691598142
2025-04-23,ARM_A2D,103452.43362947319,2334.373629473194,0.0,20,0.07143456891955217,383.2082835000001,0.00017182539682539683,1,10,8,30,0,44,10,0,103.43055724573827
2025-04-24,ARM_A2D,108619.22473414843,2334.774734148417,0.0,20,0.07630490845691248,383.2082835000001,0.00017182539682539683,0,10,8,30,0,44,10,0,108.59625576417926
2025-04-25,ARM_A2D,105166.35590774362,2335.17590774361,0.0,20,0.08076214038880289,383.2082835000001,0.00017182539682539683,0,10,8,30,0,44,10,0,105.14411709250145
2025-04-28,ARM_A2D,106319.25715027061,2335.577150270615,0.0,20,0.07023243201789992,383.2082835000001,0.00017182539682539683,1,10,8,30,0,44,10,0,106.29677453883045
2025-04-29,ARM_A2D,103760.33846174131,2335.978461741277,0.0,20,0.06840687015122986,383.2082835000001,0.00017182539682539683,1,10,8,30,0,44,10,0,103.73839696746208
2025-04-30,ARM_A2D,108922.00984216746,2336.3798421674414,0.0,20,0.09750095518241743,383.2082835000001,0.00017182539682539683,1,10,8,30,0,44,10,0,108.89897684428729
2025-05-01,ARM_A2D,111044.92129156095,2336.781291560957,0.0,20,0.12273411373956963,383.2082835000001,0.00017182539682539683,1,10,8,30,0,44,10,0,111.02143937601039
2025-05-02,ARM_A2D,107622.98280993366,2337.182809933674,0.0,20,0.10073359534316258,383.2082835000001,0.00017182539682539683,1,10,8,30,0,44,10,0,107.60022450848008
2025-05-05,ARM_A2D,114791.47825032231,0.9190478223013738,51470.3192025,20,0.0606839471551142,396.6630010000002,0.00017182539682539683,1,10,8,30,0,44,10,1,114.76720407580945
2025-05-06,ARM_A2D,119878.01196644796,4217.096966447983,0.0,27,0.09447103613271211,408.47376475000027,0.00017182539682539683,1,10,8,30,0,44,10,0,119.85266217718586
2025-05-07,ARM_A2D,123582.67727080766,4217.821570807694,5535.815700000001,26,0.11530135383598715,409.85806475000027,0.00017182539682539683,1,10,8,31,1,45,10,0,123.556544081127
2025-05-08,ARM_A2D,126058.49319340225,9755.313193402244,0.0,26,0.12613192175481427,409.85806475000027,0.00017182539682539683,1,10,8,31,0,45,10,0,126.03183645973834
2025-05-09,ARM_A2D,137747.95892896285,9756.989403962858,1521.5195250000002,26,0.19928244464338274,410.23853975000026,0.00017182539682539683,1,11,8,31,1,46,10,0,137.7188303033471
2025-05-12,ARM_A2D,143805.61686323516,11280.446863235176,0.0,26,0.24513298415544904,410.23853975000026,0.00017182539682539683,1,11,8,31,0,46,10,0,143.77520726582534
2025-05-13,ARM_A2D,132085.59267799382,11282.38513049382,10407.207547499998,23,0.17727141564245005,412.8409922500003,0.00017182539682539683,1,11,8,36,5,51,10,0,132.05766143452374
2025-05-14,ARM_A2D,134273.0595008627,21693.319500862697,0.0,23,0.1915816180522402,412.8409922500003,0.00017182539682539683,1,11,8,36,2,51,10,0,134.24466568863568
2025-05-15,ARM_A2D,142114.37286409436,21697.046964094396,0.0,23,0.2121530665222215,412.8409922500003,0.00017182539682539683,1,11,8,36,2,51,10,0,142.08432090257014
2025-05-16,ARM_A2D,141796.48576779893,21700.775067798942,0.0,23,0.20786833919330872,412.8409922500003,0.00017182539682539683,1,11,8,36,1,51,10,0,141.7665010277006
2025-05-19,ARM_A2D,140202.012457486,1.7819814360093922,52285.02127605,20,0.06025861577815678,431.3389087000002,0.00017182539682539683,0,11,8,36,0,51,10,1,140.17236488983272
2025-05-20,ARM_A2D,140852.0926516221,2982.822651622149,0.0,25,0.07659950091537208,443.6619512000004,0.00017182539682539683,0,11,8,36,0,51,10,0,140.822307615924
2025-05-21,ARM_A2D,137841.83517630794,2983.335176307924,0.0,25,0.07225672806271452,443.6619512000004,0.00017182539682539683,1,11,8,36,0,51,10,0,137.81268669931956
2025-05-22,ARM_A2D,138552.90778905846,2983.8477890584563,0.0,25,0.07647620081804424,443.6619512000004,0.00017182539682539683,1,11,8,36,0,51,10,0,138.52360894637258
2025-05-23,ARM_A2D,141799.5704898889,2984.360489888878,0.0,25,0.09478166932077095,443.6619512000004,0.00017182539682539683,1,11,8,36,0,51,10,0,141.76958509748533
2025-05-27,ARM_A2D,143051.46327881428,2984.8732788143234,0.0,25,0.08415768510200862,443.6619512000004,0.00017182539682539683,1,11,8,36,0,51,10,0,143.02121315714254
2025-05-28,ARM_A2D,142070.17615584994,2985.3861558499293,0.0,25,0.08784391163356856,443.6619512000004,0.00017182539682539683,1,11,8,36,0,51,10,0,142.04013354030351
2025-05-29,ARM_A2D,148183.89112101082,2985.8991210108356,1871.5320000000002,25,0.12000980582617793,444.1299512000004,0.00017182539682539683,1,12,8,36,1,52,10,0,148.15255567967063
2025-05-30,ARM_A2D,151821.0957510407,4858.265751040755,0.0,25,0.13863686002184397,444.1299512000004,0.00017182539682539683,1,12,8,36,1,52,10,0,151.7889911747327
2025-06-02,ARM_A2D,150570.27052448128,4859.100524481311,0.0,25,0.11922512948584507,444.1299512000004,0.00017182539682539683,0,12,8,36,1,52,10,0,150.53843045169128
2025-06-03,ARM_A2D,146119.6835769277,0.03606817767623614,74771.26750875001,20,0.06252751016388496,464.04190495000034,0.00017182539682539683,0,12,8,36,1,52,10,1,146.08878463954161
2025-06-04,ARM_A2D,146306.54092068455,6724.120920684574,0.0,26,0.06460066611187144,481.0497374500004,0.00017182539682539683,1,12,8,36,1,52,10,0,146.2756024698447
2025-06-05,ARM_A2D,144653.24629543012,6725.276295430073,0.0,26,0.06480497493194629,481.0497374500004,0.00017182539682539683,1,12,8,36,0,52,10,0,144.62265745557937
2025-06-06,ARM_A2D,147736.89186869832,6726.431868698297,0.0,26,0.06963561957932128,481.0497374500004,0.00017182539682539683,1,12,8,36,0,52,10,0,147.70565095125505
2025-06-09,ARM_A2D,145336.47264052337,6727.587640523356,0.0,26,0.06604845862568082,481.0497374500004,0.00017182539682539683,1,13,8,36,0,52,10,0,145.30573932343628
2025-06-10,ARM_A2D,145872.51361093935,6728.743610939367,0.0,26,0.063207247011534,481.0497374500004,0.00017182539682539683,1,13,8,36,0,52,10,0,145.8416669409078
2025-06-11,ARM_A2D,148652.66977998044,6729.899779980453,0.0,26,0.06282430052432005,481.0497374500004,0.00017182539682539683,1,13,8,36,0,52,10,0,148.62123520920008
2025-06-12,ARM_A2D,149861.4511476807,6731.056147680743,0.0,26,0.0611064415156087,481.0497374500004,0.00017182539682539683,0,13,8,36,0,52,10,0,149.8297609641117
2025-06-13,ARM_A2D,144450.24271407438,6732.212714074373,0.0,26,0.06179636553238033,481.0497374500004,0.00017182539682539683,0,13,8,36,0,52,10,0,144.41969680201268
2025-06-16,ARM_A2D,151839.5044791955,6733.369479195482,0.0,26,0.06571181876694746,481.0497374500004,0.00017182539682539683,0,13,8,36,0,52,10,0,151.80739601011874
2025-06-17,ARM_A2D,151606.7324325072,0.42673750722648146,48325.135695000004,19,0.060195215961551994,494.8168574500004,0.00017182539682539683,0,13,8,36,0,52,10,1,151.57467318615474
2025-06-18,ARM_A2D,150483.86347336823,46.033473368197335,0.0,25,0.07504292978229209,506.88372495000044,0.00017182539682539683,0,13,8,36,0,52,10,0,150.45204167249068
2025-06-20,ARM_A2D,147645.90138308806,46.04138308802608,0.0,25,0.07433243928339148,506.88372495000044,0.00017182539682539683,0,13,8,36,0,52,10,0,147.61467970678498
2025-06-23,ARM_A2D,148627.96869416695,46.04929416694557,0.0,25,0.07385635487347415,506.88372495000044,0.00017182539682539683,0,13,8,36,0,52,10,0,148.59653934675748
2025-06-24,ARM_A2D,154430.7672066052,46.05720660518934,0.0,25,0.08292803455976254,506.88372495000044,0.00017182539682539683,0,13,8,36,0,52,10,0,154.39811078079322
2025-06-25,ARM_A2D,150708.43512040304,46.06512040299095,0.0,25,0.0831457774078073,506.88372495000044,0.00017182539682539683,0,13,8,36,0,52,10,0,150.67656583088404
2025-06-26,ARM_A2D,153163.66303556057,46.073035560584,0.0,25,0.07934806310540077,506.88372495000044,0.00017182539682539683,0,13,8,36,0,52,10,0,153.13127455566448
2025-06-27,ARM_A2D,152000.0923520782,46.08095207820215,0.0,25,0.07861376802536281,506.88372495000044,0.00017182539682539683,0,13,8,36,0,52,10,0,151.96794992457433
2025-06-30,ARM_A2D,153069.3104699561,46.08886995607909,0.0,25,0.0862268207747012,506.88372495000044,0.00017182539682539683,0,13,8,36,0,52,10,0,153.03694194215643
2025-07-01,ARM_A2D,150183.7881891944,46.096789194448526,0.0,25,0.08270226866533152,506.88372495000044,0.00017182539682539683,0,13,8,36,0,52,10,0,150.15202984319978
2025-07-02,ARM_A2D,154245.21530608062,0.07529963061467905,61227.06360645,18,0.060145334048713785,522.2058210000005,0.00017182539682539683,0,13,8,36,0,52,10,1,154.21259811766922
2025-07-03,ARM_A2D,156989.32337147108,1.0063714710870828,0.0,25,0.06571536062735071,537.5085285000005,0.00017182539682539683,0,13,8,36,0,52,10,0,156.9561259051586
2025-07-07,ARM_A2D,153404.67554439127,1.0065443912644563,0.0,25,0.0642365036465167,537.5085285000005,0.00017182539682539683,0,13,8,36,0,52,10,0,153.3722360992163
2025-07-08,ARM_A2D,152217.66821734118,1.0067173411539077,0.0,25,0.06480798264439681,537.5085285000005,0.00017182539682539683,0,13,8,36,0,52,10,0,152.18547978054633
2025-07-09,ARM_A2D,152186.69689032077,1.0068903207605424,0.0,25,0.06690558510076708,537.5085285000005,0.00017182539682539683,1,13,8,36,0,52,10,0,152.15451500282217
2025-07-10,ARM_A2D,153510.44706333007,1.007063330089467,0.0,25,0.07015763556181237,537.5085285000005,0.00017182539682539683,1,13,9,36,0,52,10,0,153.47798525137014
2025-07-11,ARM_A2D,150217.5372363691,1.007236369145788,0.0,25,0.07258579923889286,537.5085285000005,0.00017182539682539683,1,13,9,36,0,52,10,0,150.18577175369262
2025-07-14,ARM_A2D,155760.80420943792,1.0074094379346135,7011.0468,25,0.06834537131489053,539.2617285000005,0.00017182539682539683,1,13,9,37,1,53,10,0,155.72786652973144
2025-07-15,ARM_A2D,154911.66905843504,7013.259058435033,0.0,25,0.07090537508737732,539.2617285000005,0.00017182539682539683,1,13,9,37,1,53,10,0,154.8789109395736
2025-07-16,ARM_A2D,158488.2241144558,7014.464114455788,0.0,25,0.07031235325062601,539.2617285000005,0.00017182539682539683,1,13,9,37,0,53,10,0,158.4547096857802
2025-07-17,ARM_A2D,161888.28873725794,2.2718947579425968,44001.6268425,18,0.06067999159558222,552.0174960000006,0.00017182539682539683,1,13,9,37,0,53,10,1,161.85405532000178
2025-07-18,ARM_A2D,163748.08859988654,5732.137699886514,0.0,22,0.06395360147127395,561.5832910000006,0.00017182539682539683,1,13,9,37,0,53,10,0,163.7134619033808
2025-07-21,ARM_A2D,159729.78192672148,5733.122626721456,0.0,22,0.06468612099364227,561.5832910000006,0.00017182539682539683,1,13,9,37,0,53,10,0,159.69600495424504
2025-07-22,ARM_A2D,160011.17532279188,5734.107722791841,249.5376,21,0.06529418947722598,561.6456910000006,0.00017182539682539683,1,13,9,38,1,54,10,0,159.9773388459645
2025-07-23,ARM_A2D,162903.4434650239,5984.673465023892,0.0,21,0.06814588914680295,561.6456910000006,0.00017182539682539683,1,13,9,38,1,54,10,0,162.86899537988998
2025-07-24,ARM_A2D,162042.2417839169,5985.701783916891,0.0,21,0.06557549366769289,561.6456910000006,0.00017182539682539683,1,13,9,38,0,54,10,0,162.00797581125522
2025-07-25,ARM_A2D,161207.62027950122,5986.730279501192,0.0,21,0.066667816207238,561.6456910000006,0.00017182539682539683,1,13,9,38,0,54,10,0,161.1735307985823
2025-07-28,ARM_A2D,158178.62395180715,5987.7589518071545,0.0,21,0.06705027351376722,561.6456910000006,0.00017182539682539683,1,13,9,38,0,54,10,0,158.14517499217587
2025-07-29,ARM_A2D,151531.1078008651,5988.787800865144,0.0,21,0.06721893707386892,561.6456910000006,0.00017182539682539683,1,13,9,38,0,54,10,0,151.49906454634
2025-07-30,ARM_A2D,151672.83532920555,5989.816826705532,6804.2885025,20,0.06926803983848905,563.3471885000006,0.00017182539682539683,1,13,9,39,1,55,10,0,151.64076210452234
2025-07-31,ARM_A2D,149972.77076486987,2.6087023698452128,29304.422062500005,16,0.06032295031865314,573.8722010000006,0.00017182539682539683,1,13,9,39,0,55,10,1,149.94105704129723
2025-08-01,ARM_A2D,146673.09376605967,42.513766059616565,0.0,20,0.06304141927181225,581.1865035000009,0.00017182539682539683,1,13,9,39,0,55,10,0,146.64207780277835
2025-08-04,ARM_A2D,152633.3905685043,42.52107100434031,7680.0894975,20,0.06330855892022585,583.1070060000009,0.00017182539682539683,0,13,9,40,1,56,10,0,152.60111422172648
2025-08-05,ARM_A2D,153177.6475091298,7723.9375091298025,0.0,20,0.06410204203857328,583.1070060000009,0.00017182539682539683,0,13,9,40,1,56,10,0,153.14525607203203
2025-08-06,ARM_A2D,149184.7846777574,7725.264677757364,0.0,20,0.0654247684915231,583.1070060000009,0.00017182539682539683,0,13,9,40,1,56,10,0,149.15323758425245
2025-08-07,ARM_A2D,155852.18707442624,7726.592074426201,0.0,20,0.06930464180680324,583.1070060000009,0.00017182539682539683,1,13,9,40,1,56,10,0,155.81923007060573
2025-08-08,ARM_A2D,158073.8951241755,7727.919699175498,1937.815425,20,0.0733258327752013,583.5915810000008,0.00017182539682539683,1,14,9,40,1,57,10,0,158.04046831083832
2025-08-11,ARM_A2D,157893.82805544883,9667.39594294882,4710.3721125,20,0.07768954715375072,584.7694685000008,0.00017182539682539683,1,14,10,40,1,58,10,0,157.86043931967208
2025-08-12,ARM_A2D,164111.51852115043,14380.238521150413,0.0,20,0.08456871354956925,584.7694685000008,0.00017182539682539683,1,14,10,40,1,58,10,0,164.07681497258676
2025-08-13,ARM_A2D,164788.13941134073,14382.709411340755,0.0,20,0.08992152015875134,584.7694685000008,0.00017182539682539683,1,14,10,40,1,58,10,0,164.75329278235145
2025-08-14,ARM_A2D,161274.92616526008,0.28475276010395173,81613.94141249999,14,0.0602315575704938,608.7727635000009,0.00017182539682539683,1,14,10,41,1,59,10,1,161.2408224516225
2025-08-15,ARM_A2D,160120.55208155484,7812.302081554851,0.0,23,0.06033216769749595,627.2189685000011,0.00017182539682539683,1,14,10,41,0,59,10,0,160.08669247556696
2025-08-18,ARM_A2D,159670.49443346015,7813.644433460135,0.0,23,0.06332165523676896,627.2189685000011,0.00017182539682539683,1,14,10,41,0,59,10,0,159.63672999810737
2025-08-19,ARM_A2D,152233.15341601556,7814.987016015567,0.0,23,0.06396136309014816,627.2189685000011,0.00017182539682539683,1,14,10,41,0,59,10,0,152.20096170467087
2025-08-20,ARM_A2D,152594.42982926074,7816.32982926078,0.0,23,0.06277581698570713,627.2189685000011,0.00017182539682539683,1,14,10,41,0,59,10,0,152.56216172124587
2025-08-21,ARM_A2D,154020.92787323537,7817.672873235411,0.0,23,0.0648058035867378,627.2189685000011,0.00017182539682539683,1,14,10,41,0,59,10,0,153.98835811336454
2025-08-22,ARM_A2D,159640.18114797908,7819.016147979107,0.0,23,0.06483612036499514,627.2189685000011,0.00017182539682539683,1,14,10,41,0,59,10,0,159.60642312277096
2025-08-25,ARM_A2D,156897.2796535315,7820.359653531518,0.0,23,0.0672160793564315,627.2189685000011,0.00017182539682539683,1,14,10,41,0,59,10,0,156.8641016510791
2025-08-26,ARM_A2D,160142.74338993235,7821.703389932304,0.0,23,0.06705205476500571,627.2189685000011,0.00017182539682539683,1,14,10,41,0,59,10,0,160.10887909129914
2025-08-27,ARM_A2D,159252.49735722115,7823.04735722113,0.0,23,0.0666390805551709,627.2189685000011,0.00017182539682539683,1,14,10,41,0,59,10,0,159.21882131287202
2025-08-28,ARM_A2D,160614.15599678847,1.4526967884506068,76326.11370000002,18,0.06015291703299915,648.2601785000013,0.00017182539682539683,1,14,10,41,0,59,10,1,160.580192011732
2025-08-29,ARM_A2D,159645.07994265555,1661.569942655502,0.0,24,0.06014598134467432,666.9220835000013,0.00017182539682539683,1,14,10,41,0,59,10,0,159.61132088153258
2025-09-02,ARM_A2D,153966.32544257023,1661.855442570252,0.0,24,0.06051544045892936,666.9220835000013,0.00017182539682539683,1,14,10,41,0,59,10,0,153.9337672291047
2025-09-03,ARM_A2D,150975.58851654115,1662.1409915411382,6332.316525,23,0.06208487141597097,668.5055585000014,0.00017182539682539683,1,14,10,42,1,60,10,0,150.94366273390733
2025-09-04,ARM_A2D,150161.44116737627,7995.831167376323,0.0,23,0.06363264714108201,668.5055585000014,0.00017182539682539683,1,14,10,42,0,60,10,0,150.1296875469546
2025-09-05,ARM_A2D,152750.84505423962,7997.205054239606,0.0,23,0.06356141595519459,668.5055585000014,0.00017182539682539683,1,14,10,42,0,60,10,0,152.71854387015912
2025-09-08,ARM_A2D,154188.62682717157,7998.579177171546,6327.817650000001,22,0.06288012416679392,670.0879085000014,0.00017182539682539683,0,14,10,43,1,61,10,0,154.1560216051416
2025-09-09,ARM_A2D,156556.69846599145,14328.858465991454,0.0,22,0.06521190150300572,670.0879085000014,0.00017182539682539683,0,14,10,43,1,61,10,0,156.52359248393034
2025-09-10,ARM_A2D,153955.84052778344,14331.32052778343,0.0,22,0.0738097363571557,670.0879085000014,0.00017182539682539683,0,14,10,43,1,61,10,0,153.92328453149165
2025-09-11,ARM_A2D,156628.72301262012,14333.78301262015,0.0,22,0.07317406271055747,670.0879085000014,0.00017182539682539683,0,14,10,43,1,61,10,0,156.59560180001716
2025-09-12,ARM_A2D,156912.4578780011,1.6611630011053826,83952.146715,15,0.06002060083286981,694.6633285000016,0.00017182539682539683,0,14,10,43,1,61,10,1,156.8792766659126
2025-09-15,ARM_A2D,157690.0461177196,2256.266117719629,0.0,24,0.06200289898260948,715.0827060000016,0.00017182539682539683,0,14,10,43,1,61,10,0,157.65670047432562
2025-09-16,ARM_A2D,158725.03380154065,2256.6538015406504,0.0,24,0.06808239217962044,715.0827060000016,0.00017182539682539683,0,14,10,43,1,61,10,0,158.69146929632836
2025-09-17,ARM_A2D,158204.18155197566,2257.041551975598,0.0,24,0.06801400503099173,715.0827060000016,0.00017182539682539683,1,14,10,43,1,61,10,0,158.17072718785218
2025-09-18,ARM_A2D,162970.22697775072,2257.4069777506797,0.0,24,0.07269843222110434,715.0827060000016,0.00016190476190476192,1,14,10,43,0,61,10,0,162.93576477036078
2025-09-19,ARM_A2D,162211.61246268998,2257.772462689935,0.0,24,0.06975739793353357,715.0827060000016,0.00016190476190476192,1,14,10,43,0,61,10,0,162.17731067436083
2025-09-22,ARM_A2D,167290.99890274444,2258.138902744395,0.0,24,0.07967481865386444,715.0827060000016,0.0001623015873015873,0,14,10,43,0,61,10,0,167.25562301105202
2025-09-23,ARM_A2D,166990.58540227267,2258.505402272658,0.0,24,0.0746895998355501,715.0827060000016,0.0001623015873015873,0,14,10,43,0,61,10,0,166.9552730369835
2025-09-24,ARM_A2D,169818.87196128437,2258.871961284376,0.0,24,0.08099877146243156,715.0827060000016,0.0001623015873015873,1,14,10,43,0,61,10,0,169.78296151743962
2025-09-25,ARM_A2D,166865.2764047892,2259.2385797892034,28.692825,23,0.08344360372629551,715.0898810000016,0.0001623015873015873,1,14,10,44,1,62,10,0,166.82999053774293
2025-09-26,ARM_A2D,166908.2061762473,0.6098162472874823,105028.29636000001,18,0.060068945857659095,741.9252085000014,0.0001623015873015873,1,14,10,44,1,62,10,1,166.8729112311337
2025-09-29,ARM_A2D,168045.09306153512,3827.403061535083,0.0,27,0.05964791840919484,767.2194160000012,0.0001623015873015873,1,14,11,44,0,62,10,0,168.00955770667096
2025-09-30,ARM_A2D,167617.28425512722,3828.024255127213,0.0,27,0.061918316157675915,767.2194160000012,0.0001623015873015873,1,14,11,44,0,62,10,0,167.58183936608668
2025-10-01,ARM_A2D,169788.46575829008,3828.645549540049,6217.61020875,27,0.05884875604108661,768.7742072500012,0.0001623015873015873,0,15,12,44,2,64,10,0,169.75256174423862
2025-10-02,ARM_A2D,175661.83628154607,10047.886281546058,0.0,27,0.06721858458245233,768.7742072500012,0.0001623015873015873,0,15,12,44,2,64,10,0,175.62469026570813
2025-10-03,ARM_A2D,178347.1970694386,10049.517069438578,0.0,27,0.06311767263500753,768.7742072500012,0.0001623015873015873,0,15,12,44,2,64,10,0,178.3094831985875
2025-10-06,ARM_A2D,180858.99812201053,10051.148122010562,0.0,27,0.06480468277333454,768.7742072500012,0.0001623015873015873,0,15,12,44,2,64,10,0,180.82075309764502
2025-10-07,ARM_A2D,181031.84943930493,10052.779439304966,0.0,27,0.06815767522795393,768.7742072500012,0.0001623015873015873,0,15,12,44,2,64,10,0,180.99356786324498
2025-10-08,ARM_A2D,185514.50501056298,10054.415010562947,0.0,27,0.06548075580024498,768.7742072500012,0.00016269841269841268,0,15,12,44,2,64,10,0,185.47527551776497
2025-10-09,ARM_A2D,189505.9808479258,10056.050847925775,0.0,27,0.06985484015210644,768.7742072500012,0.00016269841269841268,0,15,12,44,2,64,10,0,189.46590730483314
2025-10-10,ARM_A2D,180797.56309881597,1.7882013159631671,100995.15489749999,17,0.06014904080347762,796.5422472500014,0.00016269841269841268,0,15,12,44,2,64,10,1,180.7593310656977
2025-10-13,ARM_A2D,191325.58845859455,9642.718458594578,0.0,24,0.07088842694418351,819.3754872500014,0.00016269841269841268,0,15,12,44,2,64,10,0,191.28513013543494
2025-10-14,ARM_A2D,195985.28231358188,9644.287313581888,0.0,24,0.0714687339510969,819.3754872500014,0.00016269841269841268,0,15,12,44,2,64,10,0,195.9438386366004
2025-10-15,ARM_A2D,192288.5114238194,9645.856423819414,0.0,24,0.0723703142582869,819.3754872500014,0.00016269841269841268,0,15,12,44,2,64,10,0,192.24784947787825
2025-10-16,ARM_A2D,177866.4396170695,9647.42961706949,0.0,24,0.06661509627959582,819.3754872500014,0.00016309523809523812,0,15,12,44,2,64,10,0,177.82882740873265
2025-10-17,ARM_A2D,173248.76306689988,9649.003066899895,0.0,24,0.06612376213950993,819.3754872500014,0.00016309523809523812,1,15,12,44,2,64,10,0,173.2121273272707
2025-10-20,ARM_A2D,180424.0467733525,9650.576773352474,0.0,24,0.06682989443833298,819.3754872500014,0.00016309523809523812,1,15,12,44,0,64,10,0,180.3858937251955
2025-10-21,ARM_A2D,174534.19573646906,9652.15073646908,0.0,24,0.06976340624037261,819.3754872500014,0.00016309523809523812,1,15,12,44,0,64,10,0,174.4972881751209
2025-10-22,ARM_A2D,167769.32710129156,9653.724956291577,14527.787145000002,23,0.07238009599137575,823.0083422500014,0.00016309523809523812,1,15,12,46,2,66,10,0,167.7338500607827
2025-10-23,ARM_A2D,172136.1309907652,24185.455990765244,0.0,23,0.07472486993849112,823.0083422500014,0.00016309523809523812,1,15,12,46,1,66,10,0,172.09973053188682
2025-10-24,ARM_A2D,179053.48823588903,4.03280338901713,68321.1854325,17,0.060301980745415165,846.1367547500015,0.00016309523809523812,1,15,12,46,1,66,10,1,179.0156250104404
2025-10-27,ARM_A2D,178813.86056504038,2252.8424400403987,4206.448125,24,0.05831063636259592,863.7026872500015,0.0001634920634920635,1,15,13,46,1,67,10,0,178.7760480120283
2025-10-28,ARM_A2D,178070.25833528358,6460.346607783573,8351.001727500001,24,0.06156979892372963,865.7909597500015,0.0001634920634920635,1,15,13,47,2,68,10,0,178.03260302678623
2025-10-29,ARM_A2D,177132.71987318603,14813.76987318601,0.0,24,0.06691524868181209,865.7909597500015,0.0001634920634920635,1,15,13,47,1,68,10,0,177.09526281958173
2025-10-30,ARM_A2D,176650.59484498797,14816.044844987962,0.0,24,0.0642939244555974,865.7909597500015,0.00015357142857142856,1,15,13,47,1,68,10,0,176.6132397430899
2025-10-31,ARM_A2D,178102.74428677774,14818.314286777711,0.0,24,0.06491275609647243,865.7909597500015,0.00015317460317460315,1,15,13,47,1,68,10,0,178.0650821086968
2025-11-03,ARM_A2D,174075.83995647175,14820.589956471753,0.0,24,0.06897327051819646,865.7909597500015,0.00015357142857142856,1,15,14,47,0,68,10,0,174.03902932050832
2025-11-04,ARM_A2D,168104.04581564362,14822.86597564364,7498.764840000001,24,0.07373855840206353,867.6661197500016,0.00015357142857142856,1,15,14,48,1,69,10,0,168.0684979944408
2025-11-05,ARM_A2D,170144.21878037605,22325.058780376043,0.0,24,0.07380209618646348,867.6661197500016,0.00015357142857142856,1,15,14,48,1,69,10,0,170.10823953764844
2025-11-06,ARM_A2D,166487.36262904588,22328.487271545888,5837.1103575,24,0.07235396014314913,869.1257622500016,0.00015357142857142856,1,16,15,48,2,70,10,0,166.45215667685983
2025-11-07,ARM_A2D,171486.89799436688,0.5882268668575561,99216.11976749999,16,0.060054967000092906,900.9754872500016,0.00015357142857142856,1,16,15,48,1,70,10,1,171.45063482438218
2025-11-10,ARM_A2D,177091.76229088622,13613.372290886246,0.0,24,0.06506146785684201,922.3714947500017,0.00015357142857142856,1,16,15,48,0,70,10,0,177.05431389830375
2025-11-11,ARM_A2D,180957.63291591668,13615.46291591663,0.0,24,0.064534111171902,922.3714947500017,0.00015357142857142856,0,16,15,48,0,70,10,0,180.919367033921
2025-11-12,ARM_A2D,180242.83886200725,13617.55386200729,0.0,24,0.07017671314910812,922.3714947500017,0.00015357142857142856,0,16,15,48,0,70,10,0,180.20472413265696
2025-11-13,ARM_A2D,174232.4405329987,13619.65053299874,0.0,24,0.07204054515681742,922.3714947500017,0.00015396825396825397,1,16,15,48,0,70,10,0,174.1955967817746
2025-11-14,ARM_A2D,172820.73221431096,13621.747526810963,1780.8046875,24,0.07393933491818556,922.8168072500017,0.00015396825396825397,1,17,15,48,1,71,10,0,172.78418698746003
2025-11-17,ARM_A2D,172847.03371838204,15404.923718382053,0.0,24,0.07430240325052319,922.8168072500017,0.00015396825396825397,1,17,15,48,0,71,10,0,172.81048292973063
2025-11-18,ARM_A2D,173712.79558758956,15407.295587589486,0.0,24,0.07951889757617178,922.8168072500017,0.00015396825396825397,1,17,15,48,0,71,10,0,173.67606172215386
2025-11-19,ARM_A2D,177468.56782198948,15409.667821989478,0.0,24,0.07619546472907582,922.8168072500017,0.00015396825396825397,0,17,15,48,0,71,10,0,177.4310397488997
2025-11-20,ARM_A2D,172746.72042163825,15412.04042163826,0.0,24,0.08089994395198641,922.8168072500017,0.00015396825396825397,0,17,15,48,0,71,10,0,172.7101908455586
2025-11-21,ARM_A2D,176131.89594564924,0.18845064921022225,41119.737495,18,0.06000548590734153,936.9513122500015,0.00015396825396825397,1,17,15,48,0,71,10,1,176.09465052948565
2025-11-24,ARM_A2D,183830.14245288871,2919.247452888761,0.0,21,0.06173160640893402,946.4992072500016,0.00015396825396825397,1,17,15,48,0,71,10,0,183.79126914080456
2025-11-25,ARM_A2D,184550.79692432197,2919.6969243219833,0.0,21,0.06455978624078094,946.4992072500016,0.00015396825396825397,1,17,15,48,0,71,10,0,184.51177122032973
2025-11-26,ARM_A2D,187100.3364649595,2920.1464649595373,0.0,21,0.06473061582264013,946.4992072500016,0.00015396825396825397,1,17,15,48,0,71,10,0,187.06077162715104
2025-11-28,ARM_A2D,189635.61723360035,2920.597233600359,0.0,21,0.06402468152933428,946.4992072500016,0.00015436507936507937,1,17,15,48,0,71,10,0,189.59551627718142
2025-12-01,ARM_A2D,183354.7480718242,2921.0480718241174,0.0,21,0.06498091882154476,946.4992072500016,0.00015436507936507937,1,17,15,48,0,71,10,0,183.31597528816206
2025-12-02,ARM_A2D,178020.5039796415,2921.498979641554,0.0,21,0.06344572533786141,946.4992072500016,0.00015436507936507937,1,17,15,48,0,71,10,0,177.98285919235994
2025-12-03,ARM_A2D,182465.08495706343,2921.9499570634116,0.0,21,0.06935814598709665,946.4992072500016,0.00015436507936507937,1,17,15,48,0,71,10,0,182.42650030441968
2025-12-04,ARM_A2D,186764.82100410046,2922.401004100435,0.0,21,0.06727562467304343,946.4992072500016,0.00015436507936507937,1,17,15,48,0,71,10,0,186.7253271154685
2025-12-05,ARM_A2D,193038.95712076337,2922.85212076337,0.0,21,0.06696886572958749,946.4992072500016,0.00015436507936507937,0,17,15,48,0,71,10,0,192.99813648316592
2025-12-08,ARM_A2D,196573.6528966695,0.1516516694788666,79695.091245,17,0.060654720631698716,967.1584547500013,0.00015436507936507937,0,17,15,48,0,71,10,1,196.53208480095563
2025-12-09,ARM_A2D,195314.26547462196,3.485474622001722,0.0,25,0.0648124701451713,987.0764147500013,0.00015436507936507937,0,17,15,48,0,71,10,0,195.27296369301547
2025-12-10,ARM_A2D,197960.12601265757,3.4860126575683728,0.0,25,0.06520575764421697,987.0764147500013,0.00015436507936507937,1,17,15,48,0,71,10,0,197.91826472888752
2025-12-11,ARM_A2D,200146.55651619268,3.4865161927300217,0.0,25,0.07072237587487455,987.0764147500013,0.00014444444444444446,1,17,15,48,0,71,10,0,200.10423288280913
2025-12-12,ARM_A2D,190328.70045730058,3.487019800624527,5904.7734375,24,0.07124653280046005,988.5529772500013,0.00014444444444444446,1,17,15,49,1,72,10,0,190.2884529392781
2025-12-15,ARM_A2D,190133.9792502,5909.1138727000125,9616.0853775,24,0.06396331706704764,990.9575997500012,0.00014444444444444446,1,17,15,50,2,73,10,0,190.09377290854908
2025-12-16,ARM_A2D,190613.87177898065,15527.441778980598,0.0,24,0.06470809225417623,990.9575997500012,0.00014444444444444446,1,17,15,50,1,73,10,0,190.57356395771498
2025-12-17,ARM_A2D,183538.04463168202,15529.684631682007,0.0,24,0.0638287283898511,990.9575997500012,0.00014444444444444446,1,17,15,50,1,73,10,0,183.4992330875409
2025-12-18,ARM_A2D,186590.56729585104,15531.927808351029,20716.8694875,23,0.06624798980540353,996.1381122500012,0.00014444444444444446,0,17,15,52,3,75,10,0,186.55111025546762
2025-12-19,ARM_A2D,192196.1232332382,36254.03323323821,0.0,23,0.06753518115580415,996.1381122500012,0.00014444444444444446,0,17,15,52,3,75,10,0,192.15548082400042
2025-12-22,ARM_A2D,196378.43925227612,10.015939776124895,29539.3633125,18,0.06139777893086728,1012.5835397500013,0.00014444444444444446,0,17,15,52,3,75,10,1,196.33691243706622
2025-12-23,ARM_A2D,196196.42314023315,6186.233140233117,0.0,20,0.06043122402657433,1018.4230897500014,0.00014444444444444446,0,17,15,52,3,75,10,0,196.15493481473462
2025-12-24,ARM_A2D,197289.9667072423,6187.1267072422625,0.0,20,0.05988484968184799,1018.4230897500014,0.00014444444444444446,1,17,15,52,3,75,10,0,197.24824713751045
2025-12-26,ARM_A2D,195303.89040332218,6188.020403322198,0.0,20,0.06146651751385592,1018.4230897500014,0.00014444444444444446,1,17,15,52,0,75,10,0,195.26259081566155
2025-12-29,ARM_A2D,194984.4142284916,6188.914228491567,0.0,20,0.0671691635037681,1018.4230897500014,0.00014444444444444446,1,17,15,52,0,75,10,0,194.94318219828855
2025-12-30,ARM_A2D,192687.62818276908,6189.808182769016,0.0,20,0.06628271944831646,1018.4230897500014,0.00014444444444444446,1,17,15,52,0,75,10,0,192.64688183831674
2025-12-31,ARM_A2D,192349.12226617322,6190.7022661731935,0.0,20,0.06588966900749323,1018.4230897500014,0.00014444444444444446,1,17,15,52,0,75,10,0,192.30844750326875
2026-01-02,ARM_A2D,190492.18647872275,6191.596478722752,0.0,20,0.06788992367119746,1018.4230897500014,0.00014444444444444446,1,17,15,52,0,75,10,0,190.45190438942132
2026-01-05,ARM_A2D,189458.6508204363,6192.4908204363455,0.0,20,0.066122871379852,1018.4230897500014,0.00014444444444444446,0,17,15,52,0,75,10,0,189.4185872859032
2026-01-06,ARM_A2D,191665.47529133264,6193.385291332631,0.0,20,0.06713650426839234,1018.4230897500014,0.00014444444444444446,0,17,15,52,0,75,10,0,191.6249450946122
2026-01-07,ARM_A2D,201571.93303472974,2.4382934797114975,51408.17974125001,20,0.06097307206892946,1032.8256985000016,0.00014444444444444446,0,17,15,52,0,75,10,1,201.5293079866516
2026-01-08,ARM_A2D,199136.07050533913,30.21050533914676,0.0,24,0.06363498068352336,1045.6675910000015,0.00014444444444444446,0,17,15,52,0,75,10,0,199.09396055257145
2026-01-09,ARM_A2D,202699.9048690788,30.21486907880686,0.0,24,0.0690652519498818,1045.6675910000015,0.00014444444444444446,0,17,15,52,0,75,10,0,202.65704129645536
2026-01-12,ARM_A2D,201205.83923344876,30.219233448784912,0.0,24,0.06871599776961908,1045.6675910000015,0.00014444444444444446,1,17,15,52,0,75,10,0,201.16329160074113
2026-01-13,ARM_A2D,204262.97964844917,30.22359844917196,8093.77605,23,0.0692935157626712,1047.6915410000015,0.00014444444444444446,1,17,15,53,1,76,10,0,204.21978554301486
2026-01-14,ARM_A2D,203166.26311506506,8125.173115065059,0.0,23,0.07040519316880293,1047.6915410000015,0.00014444444444444446,1,17,15,53,1,76,10,0,203.12330092482975
2026-01-15,ARM_A2D,205931.54675118165,8126.346751181681,0.0,23,0.07063444251004021,1047.6915410000015,0.00014444444444444446,1,17,15,53,0,76,10,0,205.8879998051911
2026-01-16,ARM_A2D,205226.92055682352,8127.520556823519,0.0,23,0.06915778866384253,1047.6915410000015,0.00014444444444444446,1,17,15,53,0,76,10,0,205.18352261335014
2026-01-20,ARM_A2D,212725.6845320151,8128.694532015061,0.0,23,0.08042282264897474,1047.6915410000015,0.00014444444444444446,1,17,15,53,0,76,10,0,212.68070087583774
2026-01-21,ARM_A2D,214733.73867678083,8129.868676780797,0.0,23,0.0737098888024506,1047.6915410000015,0.00014444444444444446,1,17,15,53,0,76,10,0,214.6883303910275
2026-01-22,ARM_A2D,218742.32170070603,2.5977419559986217,99979.16395875001,18,0.06214106120076043,1074.7238922500019,0.00014444444444444446,0,17,16,53,1,77,10,1,218.69606574711744
2026-01-23,ARM_A2D,215184.54237015263,4767.292370152571,0.0,24,0.06208717342260704,1098.5217322500018,0.00014444444444444446,0,17,16,53,1,77,10,0,215.13903875600303
2026-01-26,ARM_A2D,213811.00097905047,4767.980979050481,0.0,24,0.06143734391518556,1098.5217322500018,0.00014444444444444446,1,17,16,53,1,77,10,0,213.765787818373
2026-01-27,ARM_A2D,219897.4846374141,4768.669687414123,10977.45495,24,0.06548226335441237,1101.2667822500018,0.00014444444444444446,1,17,16,54,1,78,10,0,219.85098440936244
2026-01-28,ARM_A2D,214992.2940776395,15748.399077639528,0.0,24,0.06626288658911367,1101.2667822500018,0.00014444444444444446,1,17,16,54,1,78,10,0,214.946831116931
2026-01-29,ARM_A2D,213941.3877763952,15750.673846395188,6422.67393,24,0.06806116456166397,1102.8728522500019,0.00014444444444444446,1,17,17,54,2,79,10,0,213.89614704370697
2026-01-30,ARM_A2D,205840.42059329618,22176.550593296226,0.0,24,0.0755864662302712,1102.8728522500019,0.00014444444444444446,1,17,17,54,2,79,10,0,205.79689291713552
2026-02-02,ARM_A2D,212053.90582282637,22179.75387282637,36343.111950000006,22,0.08470242474574854,1111.960902250002,0.00014444444444444446,1,17,17,58,4,83,10,0,212.00906422313156
2026-02-03,ARM_A2D,214297.76412566745,58531.31912566746,0.0,22,0.08762933237599178,1111.960902250002,0.00014444444444444446,1,17,17,58,3,83,10,0,214.25244803249234
2026-02-04,ARM_A2D,206636.03364954118,58539.773649541174,0.0,22,0.07637995039513788,1111.960902250002,0.00014444444444444446,1,17,17,58,3,83,10,0,206.59233773048942
2026-02-05,ARM_A2D,202952.48107683082,1.6430118308316592,56893.513065,17,0.062459941030241224,1140.818712250002,0.00014444444444444446,1,17,17,58,2,83,10,1,202.90956409363164
2026-02-06,ARM_A2D,211148.32064468545,5331.628237185467,4669.2024075,22,0.06535571752532116,1154.8741572500016,0.00014444444444444446,1,19,17,58,3,85,10,0,211.10367054293965
2026-02-09,ARM_A2D,218971.00520911196,10002.275209111922,0.0,22,0.06589342724266574,1154.8741572500016,0.00014444444444444446,1,19,17,58,2,85,10,0,218.92470089737452
2026-02-10,ARM_A2D,216017.99998219774,10003.719982197683,0.0,22,0.06494019017468952,1154.8741572500016,0.00014444444444444446,0,19,17,58,1,85,10,0,215.97232012242583
2026-02-11,ARM_A2D,218397.99496397286,10005.16496397289,0.0,22,0.06571832311174672,1154.8741572500016,0.00014444444444444446,0,19,17,58,1,85,10,0,218.35181182282142
2026-02-12,ARM_A2D,212365.18015446773,10006.610154467686,0.0,22,0.0686859304778224,1154.8741572500016,0.00014444444444444446,1,19,17,58,1,85,10,0,212.32027273170343
2026-02-13,ARM_A2D,214081.48055371223,10008.05555371222,0.0,22,0.06571563296186317,1154.8741572500016,0.00014444444444444446,1,19,17,58,0,85,10,0,214.03621019655557
2026-02-17,ARM_A2D,212510.04116173662,10009.501161736645,0.0,22,0.07063430940929442,1154.8741572500016,0.00014444444444444446,1,19,17,58,0,85,10,0,212.46510310619868
2026-02-18,ARM_A2D,220301.36697857114,10010.946978571119,0.0,22,0.06973837798062511,1154.8741572500016,0.00014444444444444446,1,19,17,58,0,85,10,0,220.25478134426302
2026-02-19,ARM_A2D,227088.84300424575,10012.393004245801,0.0,22,0.06997701775997377,1154.8741572500016,0.00014444444444444446,1,19,17,58,0,85,10,0,227.04082206846698
2026-02-20,ARM_A2D,230075.00266112463,2.2114036246367434,87093.1912575,18,0.06215077620171265,1179.1548197500013,0.00014444444444444446,0,20,17,58,1,86,10,1,230.02635026243814
2026-02-23,ARM_A2D,234141.69307719992,1975.083077199893,0.0,25,0.06262353281594094,1200.429652250001,0.00014444444444444446,0,20,17,58,1,86,10,0,234.09218072310253
2026-02-24,ARM_A2D,242926.48836697775,1975.368366977711,0.0,25,0.06418608404878902,1200.429652250001,0.00014444444444444446,0,20,17,58,1,86,10,0,242.87511835186598
2026-02-25,ARM_A2D,240532.72369796413,1975.6536979640523,0.0,25,0.0631564377871325,1200.429652250001,0.00014444444444444446,0,20,17,58,1,86,10,0,240.48185987601417
2026-02-26,ARM_A2D,241338.8790701648,1975.9390701648695,0.0,25,0.06199166938059063,1200.429652250001,0.00014444444444444446,1,20,17,58,1,86,10,0,241.2878447760118
2026-02-27,ARM_A2D,237188.7844835861,1976.2244835861156,0.0,25,0.06370874589580651,1200.429652250001,0.00014444444444444446,1,20,17,58,1,86,10,0,237.13862778175763
2026-03-02,ARM_A2D,245951.55857573383,1976.5099382337448,18820.7436375,25,0.06798899790200326,1205.136014750001,0.00014444444444444446,1,20,18,59,2,88,10,0,245.8995488695642
2026-03-03,ARM_A2D,235924.65762347245,20800.257623472466,0.0,25,0.06238991781643919,1205.136014750001,0.00014444444444444446,1,20,18,59,2,88,10,0,235.87476823796814
2026-03-04,ARM_A2D,238530.0747651292,20803.26210512919,21583.96266,25,0.06438131550128968,1210.533354750001,0.00014444444444444446,1,20,20,60,4,91,10,0,238.47963442975177
2026-03-05,ARM_A2D,231433.2773642619,42393.347364261936,0.0,25,0.06324138069809025,1210.533354750001,0.00014444444444444446,1,20,20,60,2,91,10,0,231.38433774044617
2026-03-06,ARM_A2D,229369.48987117622,0.15173617621530394,59592.55813500001,18,0.06009103480912459,1236.0308697500013,0.00014444444444444446,1,20,20,61,2,92,10,1,229.32098666248928
2026-03-09,ARM_A2D,236417.06460189912,2845.6275193991946,9169.377082500001,20,0.0627469088366341,1252.5071147500012,0.00014444444444444446,1,21,21,62,4,95,10,0,236.36707109043434
2026-03-10,ARM_A2D,237295.35010256394,12016.740102563916,0.0,20,0.06104620252246351,1252.5071147500012,0.00014444444444444446,0,21,21,62,1,95,10,0,237.24517086602756
2026-03-11,ARM_A2D,236803.4658539121,12018.475853912065,0.0,20,0.06089209863548027,1252.5071147500012,0.00014444444444444446,0,21,21,62,1,95,10,0,236.75339063279804
2026-03-12,ARM_A2D,232874.92185597983,12020.211855979853,0.0,20,0.06062073961201631,1252.5071147500012,0.00014444444444444446,0,21,21,62,1,95,10,0,232.82567737739166
2026-03-13,ARM_A2D,233478.42810880358,12021.948108803495,0.0,20,0.06234254752313523,1252.5071147500012,0.00014444444444444446,1,21,21,62,1,95,10,0,233.42905601084573
2026-03-16,ARM_A2D,237253.85461241927,12023.684612419212,0.0,20,0.06524597893377995,1252.5071147500012,0.00014444444444444446,1,21,21,62,0,95,10,0,237.20368415065246
2026-03-17,ARM_A2D,244236.56636686326,12025.42136686323,0.0,20,0.06487046651401661,1252.5071147500012,0.00014444444444444446,1,21,21,62,0,95,10,0,244.18491931845185
2026-03-18,ARM_A2D,240088.7833721718,12027.158372171776,0.0,20,0.0690627015852582,1252.5071147500012,0.00014444444444444446,1,21,21,62,0,95,10,0,240.03801342726834
2026-03-19,ARM_A2D,245128.0042683811,12028.895628381091,17441.07864,20,0.06929432665474937,1256.8684747500013,0.00014444444444444446,1,21,22,63,2,97,10,0,245.07616871364922
2026-03-20,ARM_A2D,236222.2842729864,0.7589154863898334,66042.0553575,16,0.06008831911724597,1280.7485797500015,0.00014444444444444446,1,21,22,63,1,97,10,1,236.17233195039532
2026-03-23,ARM_A2D,238780.93987779104,8765.724240291049,6055.9356375,19,0.05883970474021393,1296.5789522500015,0.00014444444444444446,1,21,22,64,1,98,10,0,238.73044649367154
2026-03-24,ARM_A2D,242180.6257842178,14823.800784217841,0.0,19,0.060404914524559476,1296.5789522500015,0.00014444444444444446,1,21,22,64,1,98,10,0,242.1294134916023
2026-03-25,ARM_A2D,245162.46662238662,14825.941999886674,11238.6996225,19,0.05968189258976856,1299.3893297500015,0.00014444444444444446,0,21,22,65,1,99,10,0,245.1106237801347
2026-03-26,ARM_A2D,239967.21651506543,26068.406515065468,0.0,19,0.060413585699485926,1299.3893297500015,0.00014444444444444446,0,21,22,65,1,99,10,0,239.9164722770798
2026-03-27,ARM_A2D,237891.5369515621,26072.17195156209,0.0,19,0.06274308952419413,1299.3893297500015,0.00014444444444444446,1,21,22,65,1,99,10,0,237.84123164344066
2026-03-30,ARM_A2D,230235.28293195507,26075.937931955094,0.0,19,0.06268613487996744,1299.3893297500015,0.00014444444444444446,1,21,22,65,0,99,10,0,230.186596639888
2026-03-31,ARM_A2D,234576.70961632306,26079.704456323045,9576.96516,18,0.062469842057074794,1301.7841697500014,0.00014444444444444446,1,21,22,66,1,100,10,0,234.52710527223175
2026-04-01,ARM_A2D,233123.9500241565,35661.820024156514,0.0,18,0.06109947089745198,1301.7841697500014,0.00014444444444444446,1,21,22,66,1,100,10,0,233.07465288527243
2026-04-02,ARM_A2D,237477.19117593777,35666.97117593778,0.0,18,0.061610885355134246,1301.7841697500014,0.00014444444444444446,0,21,22,66,0,100,10,0,237.42697348670427
2026-04-06,ARM_A2D,238677.49640685163,1.737346851637535,73385.40906,20,0.060720429106964464,1329.0491897500015,0.00014444444444444446,0,21,22,66,0,100,10,1,238.62702489722056
2026-04-07,ARM_A2D,239635.52369259307,1.7416925931189644,0.0,26,0.05863070626383209,1347.3909555500015,0.00014444444444444446,0,21,22,66,0,100,10,0,239.58484959543657
2026-04-08,ARM_A2D,247094.62194417097,1.7419441709379706,0.0,26,0.0667861561298109,1347.3909555500015,0.00014444444444444446,0,21,22,66,0,100,10,0,247.0423705221518
2026-04-09,ARM_A2D,246875.8121957851,1.742195785095995,0.0,26,0.0689877224038993,1347.3909555500015,0.00014444444444444446,1,21,22,66,0,100,10,0,246.82360704397777
2026-04-10,ARM_A2D,249069.92349743555,1.7424474355982869,17351.461049999998,25,0.06839605425171057,1351.7299055500016,0.00014444444444444446,1,21,22,67,1,101,10,0,249.01725437180852
2026-04-13,ARM_A2D,253630.14007127413,17355.710071274116,0.0,25,0.07510936986687247,1351.7299055500016,0.00014444444444444446,1,21,22,67,1,101,10,0,253.57650662761043
2026-04-14,ARM_A2D,254591.78700717326,17358.2170071733,0.0,25,0.0741940665959809,1351.7299055500016,0.00014444444444444446,1,21,22,67,1,101,10,0,254.53795021056126
2026-04-15,ARM_A2D,254092.3943051854,17360.72430518545,0.0,25,0.07240822792162,1351.7299055500016,0.00014444444444444446,1,21,22,67,1,101,10,0,254.03866311175736
2026-04-16,ARM_A2D,257249.4619653629,17363.231965362866,0.0,25,0.07148469761416265,1351.7299055500016,0.00014444444444444446,0,21,22,67,0,101,10,0,257.19506316827216
2026-04-17,ARM_A2D,258796.50498775786,17365.739987757865,0.0,25,0.07266133675526078,1351.7299055500016,0.00014444444444444446,0,21,22,67,0,101,10,0,258.741779047983
2026-04-20,ARM_A2D,260556.80271663415,1.1000716341533974,124038.40264500001,16,0.0630740008652663,1387.0873355500014,0.00014444444444444446,1,21,22,67,0,101,10,1,260.50170453865036
2026-04-21,ARM_A2D,259741.0830064332,158.28300643312582,0.0,25,0.06340009754865053,1418.0499055500018,0.00014444444444444446,1,21,22,67,0,101,10,0,259.6861573231581
2026-04-22,ARM_A2D,262453.45586953405,158.30586953405506,0.0,25,0.06714813467253618,1418.0499055500018,0.00014444444444444446,1,21,22,67,0,101,10,0,262.3979566191856
2026-04-23,ARM_A2D,258933.7787359374,158.3287359374322,0.0,25,0.06481865781256829,1418.0499055500018,0.00014444444444444446,1,21,22,67,0,101,10,0,258.8790237678151
2026-04-24,ARM_A2D,260035.81160564374,158.3516056437343,0.0,25,0.06852210043677415,1418.0499055500018,0.00014444444444444446,1,21,22,67,0,101,10,0,259.98082359811286
2026-04-27,ARM_A2D,259619.83447865344,158.37447865343842,0.0,25,0.07419926154210649,1418.0499055500018,0.00014444444444444446,1,21,22,67,0,101,10,0,259.56493443498124
2026-04-28,ARM_A2D,251272.47735496704,158.3973549670217,0.0,25,0.0718037255409873,1418.0499055500018,0.00014444444444444446,1,21,22,67,0,101,10,0,251.21934247023026
2026-04-29,ARM_A2D,252309.4482320849,158.42023458496138,9965.517997500001,25,0.07592177040623427,1420.5419080500017,0.00014444444444444446,1,21,22,68,1,102,10,0,252.2560940661574
2026-04-30,ARM_A2D,261665.54081871847,10125.400578718485,12795.840240000001,25,0.07542903791704805,1423.7416680500016,0.00014444444444444446,1,21,22,69,1,103,10,0,261.6102081834162
2026-05-01,ARM_A2D,268056.19166461454,22924.551664614522,0.0,25,0.07970716836391015,1423.7416680500016,0.00014444444444444446,0,21,22,69,0,103,10,0,267.99950764176805
2026-05-04,ARM_A2D,270617.4751510178,1.792666017773154,103364.212485,17,0.060128785071693856,1455.318440550002,0.00014444444444444446,0,21,22,69,0,103,10,1,270.56024951094264
2026-05-05,ARM_A2D,273678.2606813463,1472.3206813463037,0.0,22,0.06113273286064973,1480.785548050002,0.00014444444444444446,0,21,22,69,0,103,10,0,273.6203877977367
2026-05-06,ARM_A2D,271817.9333498892,1472.5333498891648,0.0,22,0.06363156318216873,1480.785548050002,0.00014444444444444446,1,21,22,69,0,103,10,0,271.7604538570694
2026-05-07,ARM_A2D,265884.6954648122,1472.7454648121843,0.0,22,0.06336615189733519,1480.785548050002,0.00014404761904761903,1,21,22,69,0,103,10,0,265.82847063352347
2026-05-08,ARM_A2D,269942.33761028986,1472.9576102898536,0.0,22,0.06423542210349084,1480.785548050002,0.00014404761904761903,1,21,22,69,0,103,10,0,269.88525473696654
2026-05-11,ARM_A2D,278446.5134663265,1473.1697863265738,10502.653680000001,22,0.06439064284483584,1483.411868050002,0.00014404761904761903,1,21,22,70,1,104,10,0,278.3876322726752
2026-05-12,ARM_A2D,272417.79855518305,11977.548555183033,0.0,22,0.0635234925609847,1483.411868050002,0.00014404761904761903,1,21,23,70,1,104,10,0,272.3601922129412
2026-05-13,ARM_A2D,272013.6882075345,11979.273892534433,7640.829314999999,22,0.06365633698106073,1485.322553050002,0.00014404761904761903,1,23,24,70,3,106,10,0,271.95616731976406
2026-05-14,ARM_A2D,273504.88943668694,19622.929436686947,0.0,22,0.06347539174073458,1485.322553050002,0.00014404761904761903,1,23,24,70,2,106,10,0,273.4470532147173
2026-05-15,ARM_A2D,270307.86607295106,19625.75607295104,0.0,22,0.06315728153982988,1485.322553050002,0.00014404761904761903,1,23,24,70,1,106,10,0,270.2507059038055
2026-05-18,ARM_A2D,260442.81568407634,1.6915265763240361,140188.3141575,17,0.059216453943993136,1525.2831855500021,0.00014404761904761903,1,23,24,70,0,106,10,1,260.3877416101564
2026-05-19,ARM_A2D,260646.73136346103,15867.641363461042,0.0,25,0.06296177172126455,1556.3565780500023,0.00014365079365079365,1,24,24,70,0,106,10,0,260.5916141688769
2026-05-20,ARM_A2D,267455.5607627363,15869.920762736268,0.0,25,0.06259436129223489,1556.3565780500023,0.00014365079365079365,1,24,24,70,0,106,10,0,267.3990037512286
2026-05-21,ARM_A2D,276008.15048944904,15872.20048944901,0.0,25,0.06247246673485153,1556.3565780500023,0.00014365079365079365,1,24,24,70,0,106,10,0,275.9497849198608
2026-05-22,ARM_A2D,283126.93054364633,15874.480543646303,0.0,25,0.06921807106928984,1556.3565780500023,0.00014365079365079365,0,24,24,70,0,106,10,0,283.067059613974
2026-05-26,ARM_A2D,294752.66092537524,15876.76092537519,0.0,25,0.0722616037905507,1556.3565780500023,0.00014365079365079365,0,24,24,70,0,106,10,0,294.6903315814336
2026-05-27,ARM_A2D,291083.0116346827,15879.041634682724,0.0,25,0.0664745080495604,1556.3565780500023,0.00014365079365079365,0,24,24,70,0,106,10,0,291.02145828656097
2026-05-28,ARM_A2D,292273.80267161597,15881.322671615959,0.0,25,0.06535549825333371,1556.3565780500023,0.00014365079365079365,1,24,24,70,0,106,10,0,292.2119975149987
2026-05-29,ARM_A2D,289872.97403622203,15883.604036221961,0.0,25,0.06302605498406025,1556.3565780500023,0.00014365079365079365,1,24,24,70,0,106,10,0,289.8116765665355
2026-06-01,ARM_A2D,292451.3757285478,15885.885728547799,0.0,25,0.06719917097685793,1556.3565780500023,0.00014365079365079365,1,24,24,70,0,106,10,0,292.38953302176185
2026-06-02,ARM_A2D,310865.78499073605,3.0264407359706524,78826.08855000001,18,0.06080228482064461,1580.0377505500026,0.00014365079365079365,1,24,24,70,0,106,10,1,310.8000483138506
2026-06-03,ARM_A2D,314804.4430913547,1.153091354680439,0.0,22,0.06563693891068671,1599.7398155500027,0.00014365079365079365,0,24,24,70,0,106,10,0,314.7378735331828
2026-06-04,ARM_A2D,317868.9032569972,1.1532569971686908,0.0,22,0.06470576325413878,1599.7398155500027,0.00014365079365079365,0,24,24,70,0,106,10,0,317.80168567824063
2026-06-05,ARM_A2D,280528.20342266344,1.1534226634516174,0.0,22,0.06104751604671082,1599.7398155500027,0.00014365079365079365,1,24,24,70,0,106,10,0,280.468882028171
