date,variant,ticker,event,weight_before,weight_cap,value_sold_gross,proceeds_net,trade_cost,sold_shares,settle_dt
2018-05-11,C4,TNDM,concentration_trim,0.06084251043100158,0.06,87.0087378816952,80.079975,0.020025,9,2018-05-14
2018-05-11,C4,TWLO,concentration_trim,0.06640871800908937,0.06,661.8487378816944,642.79926,0.16074000000000002,12,2018-05-14
2018-05-25,C4,TNDM,concentration_trim,0.09284937579553017,0.06,3501.6219464378128,3492.3266999999996,0.8733,246,2018-05-29
2018-06-11,C4,CDNA,concentration_trim,0.06234933183380882,0.06,262.46895943809795,256.8057825,0.0642175,17,2018-06-12
2018-06-11,C4,TNDM,concentration_trim,0.06592181264646248,0.06,661.5889594380969,653.0366999999999,0.16329999999999997,40,2018-06-12
2018-06-25,C4,CLNE,concentration_trim,0.06274555977203389,0.06,316.4867713749054,314.08146,0.07854,88,2018-06-26
2018-06-25,C4,TNDM,concentration_trim,0.08393123651091021,0.06,2758.606771374906,2753.491455,0.688545,117,2018-06-26
2018-07-10,C4,EGY,concentration_trim,0.061992431208066266,0.06,234.18745989890886,233.9415,0.0585,72,2018-07-11
2018-07-24,C4,TNDM,concentration_trim,0.06823128257917016,0.06,940.2450037584758,927.6180375,0.23196250000000002,35,2018-07-25
2018-08-07,C4,STAA,concentration_trim,0.06715544595085218,0.06,803.5079314261739,797.8005,0.1995,20,2018-08-08
2018-08-07,C4,TNDM,concentration_trim,0.07092370614553242,0.06,1226.6579314261744,1198.9501875,0.2998125,39,2018-08-08
2018-08-21,C4,BLFS,concentration_trim,0.07208630455777762,0.06,1376.1220511575348,1375.636005,0.34399500000000005,57,2018-08-22
2018-08-21,C4,CVNA,concentration_trim,0.06101654768140308,0.06,115.74205115753466,58.365405,0.014595,1,2018-08-22
2018-08-21,C4,TNDM,concentration_trim,0.06942509418190568,0.06,1073.1220511575348,1041.7095075,0.2604925,29,2018-08-22
2018-09-05,C4,CVNA,concentration_trim,0.06239623776881409,0.06,281.6402006522112,248.53785,0.06215,4,2018-09-06
2018-09-05,C4,TNDM,concentration_trim,0.07254254991531879,0.06,1474.1802006522112,1472.7517200000002,0.36828000000000005,33,2018-09-06
2018-10-03,C4,CRMD,concentration_trim,0.08951339607765134,0.06,3598.6612352356333,3597.4504125,0.8995875,3129,2018-10-04
2018-10-03,C4,KALV,concentration_trim,0.06557240797176798,0.06,679.4612352356335,656.6857875,0.16421249999999998,29,2018-10-04
2018-10-17,C4,CRMD,concentration_trim,0.10376622020039493,0.06,5098.357784610915,5096.425575,1.274425,2683,2018-10-18
2018-11-29,C4,CRMD,concentration_trim,0.06276123203728677,0.06,296.95420491105597,295.9359975,0.0740025,207,2018-11-30
2019-01-30,C4,APPS,concentration_trim,0.06097534417874905,0.06,100.2889691502769,99.85503,0.02497,44,2019-01-31
2019-01-30,C4,LRN,concentration_trim,0.0652017818098471,0.06,534.8689691502768,508.6827975,0.1272025,17,2019-01-31
2019-02-13,C4,AMSC,concentration_trim,0.06371514854873704,0.06,389.31913844862447,385.403625,0.096375,25,2019-02-14
2019-02-13,C4,APPS,concentration_trim,0.07495795421100646,0.06,1567.4791384486252,1565.988405,0.391595,542,2019-02-14
2019-02-13,C4,LRN,concentration_trim,0.06352677601548756,0.06,369.5791384486238,353.67156,0.08843999999999999,11,2019-02-14
2019-02-28,C4,APPS,concentration_trim,0.06603084323569292,0.06,632.0001877335044,629.48259,0.15741,198,2019-03-01
2019-03-28,C4,VCYT,concentration_trim,0.06113763324766801,0.06,120.58151137465666,100.05498,0.02502,4,2019-03-29
2019-04-11,C4,DBD,concentration_trim,0.06663978309691909,0.06,711.6168848799607,701.5045799999999,0.17542,56,2019-04-12
2019-04-26,C4,YETI,concentration_trim,0.060910133554583364,0.06,100.18230923650117,69.82254,0.01746,2,2019-04-29
2019-05-10,C4,AXSM,concentration_trim,0.07455689858046718,0.06,1532.9992920235145,1515.2211000000002,0.3789,72,2019-05-13
2019-05-24,C4,AXSM,concentration_trim,0.07212396591732374,0.06,1251.2835043099503,1236.190875,0.309125,50,2019-05-28
2019-06-10,C4,EVER,concentration_trim,0.06028267241205009,0.06,28.95341240869766,25.093725000000003,0.006275,2,2019-06-11
2019-07-09,C4,EVER,concentration_trim,0.06282707840231938,0.06,301.1880714380941,300.44487,0.07513,22,2019-07-10
2019-07-23,C4,EVER,concentration_trim,0.0632580566218913,0.06,354.08736573834994,352.47186,0.08814,24,2019-07-24
2019-07-23,C4,IOVA,concentration_trim,0.06124371263597372,0.06,135.16736573834987,129.9675,0.0325,5,2019-07-24
2019-09-04,C4,EGO,concentration_trim,0.0642624459698297,0.06,480.4023575834317,479.40011999999996,0.11988,48,2019-09-05
2019-09-04,C4,SVM,concentration_trim,0.06010179030884012,0.06,11.472357583431403,9.15771,0.00229,2,2019-09-05
2019-09-18,C4,SVM,concentration_trim,0.061119436820946615,0.06,115.78292271498867,115.53111,0.028890000000000002,27,2019-09-19
2019-10-16,C4,HOV,concentration_trim,0.07207348969943037,0.06,1236.3613034119262,1211.0071725000003,0.3028275,43,2019-10-17
2019-11-27,C4,TNK,concentration_trim,0.06621575616108359,0.06,580.2651655335176,565.358625,0.141375,29,2019-11-29
2019-12-12,C4,LXRX,concentration_trim,0.0640182374801257,0.06,418.152994858041,415.63606500000003,0.103935,82,2019-12-13
2019-12-27,C4,NAT,concentration_trim,0.06266478798898469,0.06,276.50187166135765,274.671315,0.06868500000000001,57,2019-12-30
2019-12-27,C4,TNK,concentration_trim,0.06400536484309634,0.06,415.6018716613571,414.97623,0.10377,18,2019-12-30
2020-01-13,C4,FCEL,concentration_trim,0.06055156440371783,0.06,57.215471916357274,55.33616249999999,0.013837499999999999,27,2020-01-14
2020-01-13,C4,FULC,concentration_trim,0.06271442325069264,0.06,281.57547191635786,276.310905,0.069095,13,2020-01-14
2020-01-28,C4,CCXI,concentration_trim,0.06245558045242019,0.06,252.51569920629208,246.958245,0.061755000000000004,6,2020-01-29
2020-01-28,C4,SGRY,concentration_trim,0.06839120030203502,0.06,862.8956992062922,856.5858000000001,0.21420000000000003,48,2020-01-29
2020-02-11,C4,CCXI,concentration_trim,0.06916090132396008,0.06,974.3596287647661,931.52706,0.23294,19,2020-02-12
2020-02-26,C4,FCEL,concentration_trim,0.06712728366736227,0.06,738.4230499410905,737.195655,0.184345,322,2020-02-27
2020-02-26,C4,KNSA,concentration_trim,0.06017714424421319,0.06,18.35304994108992,18.2254425,0.0045575,1,2020-02-27
2020-04-08,C4,NVAX,concentration_trim,0.0812598498905118,0.06,1914.771420404244,1906.503255,0.47674500000000003,111,2020-04-09
2020-04-23,C4,NVAX,concentration_trim,0.06649079082087321,0.06,626.6872347031667,611.24715,0.15284999999999999,30,2020-04-24
2020-04-23,C4,SMMT,concentration_trim,0.06793066336007564,0.06,765.7072347031672,764.748765,0.19123500000000002,209,2020-04-24
2020-04-23,C4,TDOC,concentration_trim,0.06222005968280151,0.06,214.34723470316658,187.6830675,0.046932499999999995,1,2020-04-24
2020-04-23,C4,ZM,concentration_trim,0.06655003460539513,0.06,632.407234703167,507.14318249999997,0.1268175,3,2020-04-24
2020-05-07,C4,LPTH,concentration_trim,0.0658362305646978,0.06,565.1353072154552,563.01921,0.14079000000000003,228,2020-05-08
2020-05-21,C4,NVAX,concentration_trim,0.13099142966005708,0.06,7733.667418597821,7708.852304999999,1.927695,154,2020-05-22
2020-05-21,C4,QDEL,concentration_trim,0.06303215855022253,0.06,330.3174185978196,180.654825,0.045175,1,2020-05-22
2020-06-05,C4,FVRR,concentration_trim,0.06119504255417578,0.06,129.75776504680925,127.74805500000001,0.031945,2,2020-06-08
2020-06-05,C4,ZM,concentration_trim,0.06691837822198027,0.06,751.1977650468089,622.6442999999999,0.1557,3,2020-06-08
2020-06-19,C4,FSLY,concentration_trim,0.06400732416014975,0.06,478.4948830943422,445.7185425,0.1114575,7,2020-06-22
2020-06-19,C4,NVAX,concentration_trim,0.07103759425307875,0.06,1317.944883094343,1294.67625,0.32375,20,2020-06-22
2020-07-06,C4,FSLY,concentration_trim,0.07616964498065708,0.06,2023.8813381916916,1940.0248725000001,0.48512750000000004,23,2020-07-07
2020-07-06,C4,FVRR,concentration_trim,0.06384907521671998,0.06,481.7713381916901,469.98247499999997,0.11752499999999999,6,2020-07-07
2020-07-06,C4,NVAX,concentration_trim,0.07044945748826933,0.06,1307.9113381916904,1270.72224,0.31776,16,2020-07-07
2020-07-06,C4,THM,concentration_trim,0.0612648163144088,0.06,158.31133819169008,156.60084,0.03916000000000001,88,2020-07-07
2020-07-20,C4,ALT,concentration_trim,0.13954320549274926,0.06,11944.203326621831,11937.354915,2.985085,359,2020-07-21
2020-07-20,C4,KOPN,concentration_trim,0.06347411773601333,0.06,521.6733266218307,521.50959,0.13041,276,2020-07-21
2020-07-20,C4,NVAX,concentration_trim,0.06627972612408807,0.06,942.9633266218316,829.1726549999998,0.20734499999999997,6,2020-07-21
2020-08-03,C4,CWH,concentration_trim,0.061478494635108016,0.06,227.30607954954212,200.1999375,0.0500625,5,2020-08-04
2020-08-03,C4,FSLY,concentration_trim,0.06536553714488823,0.06,824.9060795495425,781.424595,0.195405,7,2020-08-04
2020-08-03,C4,KOPN,concentration_trim,0.06635407918075904,0.06,976.8860795495439,975.59604,0.24396,456,2020-08-04
2020-08-03,C4,NVAX,concentration_trim,0.06691371963849245,0.06,1062.926079549543,934.9861950000001,0.233805,6,2020-08-04
2020-08-17,C4,CELH,concentration_trim,0.07953323376899692,0.06,3020.373850930231,3016.1757675000003,0.7542325000000001,131,2020-08-18
2020-08-17,C4,CLSK,concentration_trim,0.06430941538547712,0.06,666.3538509302307,655.2361500000001,0.16385000000000002,58,2020-08-18
2020-08-17,C4,REZI,concentration_trim,0.06158014552616707,0.06,244.33385093023026,234.201435,0.058565,17,2020-08-18
2020-08-31,C4,EXPI,concentration_trim,0.06826887422589532,0.06,1239.1282533924077,1200.6597599999998,0.30023999999999995,27,2020-09-01
2020-08-31,C4,RUN,concentration_trim,0.06076129332940326,0.06,114.08325339240764,113.0817225,0.0282775,2,2020-09-01
2020-09-15,C4,RUN,concentration_trim,0.06540734225139609,0.06,801.9651672874807,792.9317175,0.1982825,13,2020-09-16
2020-09-29,C4,APPS,concentration_trim,0.06672452877148063,0.06,1028.5925959785054,1023.6740175000001,0.2559825,31,2020-09-30
2020-09-29,C4,CLSK,concentration_trim,0.06975333429343324,0.06,1491.8825959785045,1479.35007,0.36993000000000004,114,2020-09-30
2020-09-29,C4,NFE,concentration_trim,0.06682187366176938,0.06,1043.4825959785048,1039.1801400000002,0.25986,24,2020-09-30
2020-09-29,C4,RUN,concentration_trim,0.06948686164547022,0.06,1451.1225959785043,1382.8542,0.3458,19,2020-09-30
2020-10-13,C4,APPS,concentration_trim,0.0675765720775429,0.06,1241.4570631020797,1234.4213175,0.3086825,31,2020-10-14
2020-10-13,C4,BXC,concentration_trim,0.06159206320137334,0.06,260.86706310207956,246.08846250000002,0.0615375,9,2020-10-14
2020-10-13,C4,EXPI,concentration_trim,0.06565962999369047,0.06,927.3570631020793,891.3770999999999,0.2229,15,2020-10-14
2020-10-13,C4,NFE,concentration_trim,0.06454913403196558,0.06,745.3970631020802,698.2853850000001,0.17461500000000002,14,2020-10-14
2020-10-13,C4,PACB,concentration_trim,0.06640638909391391,0.06,1049.71706310208,1045.9884375,0.26156250000000003,75,2020-10-14
2020-10-27,C4,NFE,concentration_trim,0.06358486562239875,0.06,548.7773618749034,540.62481,0.13519,11,2020-10-28
2020-10-27,C4,PACB,concentration_trim,0.06742281594031262,0.06,1136.2973618749056,1126.99818,0.28182,77,2020-10-28
2020-11-10,C4,KURA,concentration_trim,0.0618163302940862,0.06,273.8126206654106,235.86102000000002,0.058980000000000005,6,2020-11-11
2020-11-10,C4,LOB,concentration_trim,0.06274349166666095,0.06,413.5826206654092,388.6128225,0.0971775,9,2020-11-11
2020-11-10,C4,PACB,concentration_trim,0.061070992583400804,0.06,161.45262066541,161.219685,0.040315,11,2020-11-11
2020-11-24,C4,APPN,concentration_trim,0.06365868128086886,0.06,587.744322336177,531.1071900000001,0.13281,4,2020-11-25
2020-11-24,C4,LMB,concentration_trim,0.06106542775739992,0.06,171.15432233617685,159.84002999999998,0.03997,14,2020-11-25
2020-12-09,C4,GSM,concentration_trim,0.07092977996979734,0.06,1899.773619205038,1898.2753125,0.4746875,1085,2020-12-10
2020-12-09,C4,PACB,concentration_trim,0.07450873140636727,0.06,2521.853619205038,2518.1702999999998,0.6296999999999999,120,2020-12-10
2020-12-23,C4,DAC,concentration_trim,0.06706452525877601,0.06,1473.0900870294408,1451.4370500000002,0.36295000000000005,68,2020-12-24
2020-12-23,C4,FCEL,concentration_trim,0.06860620485796357,0.06,1794.5600870294384,1784.413785,0.446215,133,2020-12-24
2020-12-23,C4,MGNI,concentration_trim,0.07116980409441395,0.06,2329.1200870294397,2314.2512925,0.5787075,73,2020-12-24
2020-12-23,C4,PACB,concentration_trim,0.06792895350325778,0.06,1653.340087029439,1652.58675,0.41325,58,2020-12-24
2020-12-23,C4,RIOT,concentration_trim,0.06550769118939391,0.06,1148.4600870294398,1140.334845,0.28515500000000005,82,2020-12-24
2021-01-08,C4,DAC,concentration_trim,0.06455809343756103,0.06,1138.9046265745746,1126.39833,0.28167000000000003,41,2021-01-11
2021-01-08,C4,MARA,concentration_trim,0.1018151230771405,0.06,10448.104626574574,10421.4439875,2.6060125000000003,395,2021-01-11
2021-01-08,C4,PACB,concentration_trim,0.06448021114941745,0.06,1119.4446265745755,1100.72475,0.27525,30,2021-01-11
2021-01-08,C4,RIOT,concentration_trim,0.09577600398581795,0.06,8939.144626574574,8932.00644,2.23356,336,2021-01-11
2021-01-25,C4,FCEL,concentration_trim,0.06569555213977787,0.06,1460.0196972037302,1443.639,0.361,80,2021-01-26
2021-02-08,C4,CLNE,concentration_trim,0.06427602637238829,0.06,1505.0454424975687,1500.7047300000002,0.37527000000000005,84,2021-02-09
2021-02-08,C4,FCEL,concentration_trim,0.06395568921852354,0.06,1392.2954424975687,1371.93693,0.34307,52,2021-02-09
2021-02-08,C4,MARA,concentration_trim,0.06405382177102453,0.06,1426.835442497566,1410.72723,0.35277,44,2021-02-09
2021-02-08,C4,MGNI,concentration_trim,0.06581969631304754,0.06,2048.375442497567,1993.601475,0.498525,34,2021-02-09
2021-02-08,C4,RIOT,concentration_trim,0.060647536888438984,0.06,227.9154424975677,196.69081500000001,0.049185000000000006,6,2021-02-09
2021-02-08,C4,SI,concentration_trim,0.07157653141742397,0.06,4074.625442497567,4029.87228,1.00772,28,2021-02-09
2021-02-23,C4,TIGR,concentration_trim,0.06074836163137426,0.06,252.6554252433125,251.757045,0.062955,9,2021-02-24
2021-03-09,C4,MARA,concentration_trim,0.07376054593858088,0.06,4520.542810924348,4484.818515000001,1.121485,122,2021-03-10
2021-03-23,C4,ACRS,concentration_trim,0.061719588580699605,0.06,566.6987635507612,557.120685,0.139315,22,2021-03-24
2021-03-23,C4,MARA,concentration_trim,0.061985067905169555,0.06,654.1887635507628,646.51833,0.16166999999999998,17,2021-03-24
2021-03-23,C4,ORGO,concentration_trim,0.06429582130750526,0.06,1415.7087635507633,1412.24685,0.35314999999999996,70,2021-03-24
2021-04-07,C4,ACRS,concentration_trim,0.0687730756876423,0.06,2949.0095140980084,2929.6674000000003,0.7326,99,2021-04-08
2021-04-07,C4,DAC,concentration_trim,0.062813888798305,0.06,945.869514098009,910.8022425,0.22775750000000003,17,2021-04-08
2021-04-07,C4,MARA,concentration_trim,0.07156236331978115,0.06,3886.609514098007,3884.8685399999995,0.97146,84,2021-04-08
2021-04-21,C4,HOV,concentration_trim,0.0617688042571961,0.06,543.6167319311062,457.32564,0.11436,4,2021-04-22
2021-04-21,C4,ORGO,concentration_trim,0.06775977723359909,0.06,2384.856731931108,2379.405,0.595,112,2021-04-22
2021-05-05,C4,HOV,concentration_trim,0.06693705858336003,0.06,2243.8442872247833,2137.8654,0.5346000000000001,16,2021-05-06
2021-05-05,C4,UAN,concentration_trim,0.06218527651749681,0.06,706.8442872247833,679.75002,0.16998,12,2021-05-06
2021-05-19,C4,TGLS,concentration_trim,0.0735057373362667,0.06,4330.621167045705,4316.2206750000005,1.079325,246,2021-05-20
2021-06-03,C4,AMC,concentration_trim,0.16432526617319046,0.06,41329.51176529718,41318.367825,10.332175000000001,805,2021-06-04
2021-06-17,C4,ESEA,concentration_trim,0.07027524611168798,0.06,4168.613636051501,4144.1637,1.0363,172,2021-06-18
2021-07-16,C4,BTU,concentration_trim,0.06169197353059341,0.06,629.214651334154,626.9632200000001,0.15678000000000003,72,2021-07-19
2021-07-30,C4,BTU,concentration_trim,0.07610898266467761,0.06,6349.919473131267,6345.233295000001,1.5867050000000003,542,2021-08-02
2021-08-13,C4,AMR,concentration_trim,0.06892367777988209,0.06,3679.634702092477,3652.08675,0.91325,100,2021-08-16
2021-08-27,C4,AEHR,concentration_trim,0.06206455183641834,0.06,878.0254915278892,872.10192,0.21808,116,2021-08-30
2021-08-27,C4,AMR,concentration_trim,0.06212676875622163,0.06,904.485491527892,896.0859224999999,0.22407749999999999,23,2021-08-30
2021-08-27,C4,ASPN,concentration_trim,0.06082030749465321,0.06,348.865491527893,308.902755,0.07724500000000001,7,2021-08-30
2021-08-27,C4,PRTA,concentration_trim,0.06295780904216548,0.06,1257.9154915278887,1226.0334149999999,0.306585,18,2021-08-30
2021-09-13,C4,AEHR,concentration_trim,0.08560684525536356,0.06,11837.444954158935,11831.941275,2.958725,1015,2021-09-14
2021-09-13,C4,AMR,concentration_trim,0.07493987623804133,0.06,6906.354954158931,6873.981075,1.718925,130,2021-09-14
2021-09-27,C4,AEHR,concentration_trim,0.07413100259877589,0.06,6843.161415870538,6834.061057499999,1.7089424999999998,453,2021-09-28
2021-09-27,C4,ASAN,concentration_trim,0.0644961080714325,0.06,2177.3114158705357,2165.2685475,0.5414525,19,2021-09-28
2021-09-27,C4,SD,concentration_trim,0.061126471051442796,0.06,545.5114158705364,533.4666,0.13340000000000002,40,2021-09-28
2021-10-11,C4,AEHR,concentration_trim,0.07833562953948688,0.06,8953.070714246041,8934.76575,2.23425,450,2021-10-12
2021-10-11,C4,AMR,concentration_trim,0.06300582903748654,0.06,1467.7107142460409,1464.63375,0.36625,25,2021-10-12
2021-10-25,C4,AEHR,concentration_trim,0.06032806703108629,0.06,170.72496228781893,170.11746,0.04254,8,2021-10-26
2021-10-25,C4,AMR,concentration_trim,0.06244276192708628,0.06,1271.2049622878149,1234.5012975,0.3087025,19,2021-10-26
2021-11-08,C4,AEHR,concentration_trim,0.060683014941608,0.06,390.93436652587843,378.46536,0.09464,16,2021-11-09
2021-11-08,C4,HUT,concentration_trim,0.06336490143059674,0.06,1925.9543665258825,1923.4190250000001,0.48097500000000004,121,2021-11-09
2021-11-08,C4,LEU,concentration_trim,0.07034356835173924,0.06,5920.304366525881,5903.6537175,1.4762825000000002,77,2021-11-09
2022-01-05,C4,PBT,concentration_trim,0.06064303654506785,0.06,314.98390762932104,309.3526425,0.07735750000000001,29,2022-01-06
2022-03-04,C4,AMR,concentration_trim,0.062434731241710915,0.06,1118.7703533084423,1045.0886625,0.26133750000000006,9,2022-03-07
2022-04-01,C4,PDS,concentration_trim,0.06238008597613675,0.06,1133.5603601213516,1060.7947350000002,0.26526500000000003,14,2022-04-04
2022-04-01,C4,RES,concentration_trim,0.06231839810450774,0.06,1104.1803601213505,1093.6765125,0.2734875,99,2022-04-04
2022-04-18,C4,BTU,concentration_trim,0.06159162655069292,0.06,835.4617084873571,832.051935,0.208065,26,2022-04-19
2022-04-18,C4,RES,concentration_trim,0.06150715502968749,0.06,791.1217084873606,786.04344,0.19656,63,2022-04-19
2022-04-18,C4,TRVI,concentration_trim,0.06070747605681333,0.06,371.36170848735856,369.4176225,0.0923775,109,2022-04-19
2022-05-02,C4,STNG,concentration_trim,0.06278195409478567,0.06,1320.9461673509868,1315.9809225,0.32907749999999997,51,2022-05-03
2022-05-16,C4,LNTH,concentration_trim,0.06216296138831677,0.06,1003.1261159112546,936.2258850000001,0.23411500000000002,14,2022-05-17
2022-06-14,C4,PBF,concentration_trim,0.06050519684553248,0.06,239.82648669668924,233.46162,0.05838,6,2022-06-15
2022-07-28,C4,SIGA,concentration_trim,0.0661863657900116,0.06,2790.943508357843,2770.70715,0.6928500000000001,124,2022-07-29
2022-07-28,C4,STNG,concentration_trim,0.0635972162316787,0.06,1622.863508357841,1587.12312,0.39688,41,2022-07-29
2022-08-11,C4,ARRY,concentration_trim,0.0633677774104453,0.06,1586.7060943069846,1576.5457649999998,0.39423499999999995,74,2022-08-12
2022-08-25,C4,ALT,concentration_trim,0.07288898147931973,0.06,6289.760547543017,6274.291034999999,1.568965,334,2022-08-26
2022-09-09,C4,ALT,concentration_trim,0.06490627381259806,0.06,2354.5434190318338,2337.075585,0.584415,117,2022-09-12
2022-09-09,C4,DYN,concentration_trim,0.06990451711262685,0.06,4753.223419031834,4740.194655,1.185345,318,2022-09-12
2022-10-07,C4,ARDX,concentration_trim,0.0652921913223531,0.06,2438.5492170507896,2437.5404625,0.6095375000000001,1573,2022-10-10
2022-10-21,C4,ARDX,concentration_trim,0.0602150435901876,0.06,94.27684160683566,93.21669,0.02331,63,2022-10-24
2022-10-21,C4,INSW,concentration_trim,0.061879885272736565,0.06,824.1568416068367,807.1981499999999,0.20185,20,2022-10-24
2022-10-21,C4,SGML,concentration_trim,0.06587634471149413,0.06,2576.236841606835,2553.92136,0.63864,72,2022-10-24
2022-11-04,C4,HLX,concentration_trim,0.06764618801510161,0.06,3574.996094055259,3569.58738,0.89262,522,2022-11-07
2022-11-04,C4,IMVT,concentration_trim,0.0653074999362822,0.06,2481.53609405526,2469.6324375,0.6175625,205,2022-11-07
2022-11-04,C4,INSW,concentration_trim,0.06268255537577237,0.06,1254.2360940552608,1213.3465875000002,0.30341250000000003,27,2022-11-07
2022-11-18,C4,HLX,concentration_trim,0.06061581076266568,0.06,277.54361565134604,272.991735,0.068265,41,2022-11-21
2022-11-18,C4,IMVT,concentration_trim,0.0682117910370565,0.06,3701.0236156513456,3695.076,0.924,280,2022-11-21
2022-11-18,C4,INSW,concentration_trim,0.06365151369997393,0.06,1645.7236156513463,1606.098375,0.401625,35,2022-11-21
2022-12-05,C4,IMVT,concentration_trim,0.0655735164921668,0.06,2500.9051149356783,2498.01534,0.62466,174,2022-12-06
2022-12-19,C4,IMVT,concentration_trim,0.06602889339196923,0.06,2663.8787305815313,2660.09481,0.6651900000000001,171,2022-12-20
2023-01-04,C4,IMVT,concentration_trim,0.0694303357932034,0.06,4279.4148872907135,4270.1222025,1.0677975,231,2023-01-05
2023-01-19,C4,EVER,concentration_trim,0.06364360624065664,0.06,1638.5085595287237,1633.9914,0.4086,90,2023-01-20
2023-01-19,C4,OII,concentration_trim,0.06231374694426907,0.06,1040.4785595287249,1039.66002,0.25998000000000004,56,2023-01-20
2023-02-16,C4,SVRA,concentration_trim,0.06149419936443939,0.06,681.5095705142048,679.450095,0.169905,241,2023-02-17
2023-03-03,C4,NGL,concentration_trim,0.06512151186486159,0.06,2302.012658192063,2300.98461,0.57539,652,2023-03-06
2023-03-17,C4,PTGX,concentration_trim,0.0773054947556102,0.06,7332.625085949963,7329.507165,1.832835,327,2023-03-20
2023-04-17,C4,RIOT,concentration_trim,0.06463985858820821,0.06,2051.1392507874807,2042.429265,0.510735,158,2023-04-18
2023-06-13,C4,SYM,concentration_trim,0.060370032720777525,0.06,152.16856461764837,140.75480249999998,0.0351975,3,2023-06-14
2023-06-28,C4,BTBT,concentration_trim,0.07461432289906839,0.06,5806.421208188807,5800.609484999999,1.450515,1298,2023-06-29
2023-06-28,C4,CVNA,concentration_trim,0.061660166339206,0.06,659.6012081888111,644.5288275,0.16117250000000002,23,2023-06-29
2023-06-28,C4,NERV,concentration_trim,0.08602157775619172,0.06,10338.641208188805,10330.076835,2.583165,1014,2023-06-29
2023-07-13,C4,AAOI,concentration_trim,0.0951243946032582,0.06,15122.775567091816,15112.101030000002,3.77897,1418,2023-07-14
2023-07-13,C4,CVNA,concentration_trim,0.07447624892302722,0.06,6232.735567091815,6215.6457,1.5543,165,2023-07-14
2023-07-13,C4,NERV,concentration_trim,0.06413206223172649,0.06,1779.0555670918147,1769.5575,0.4425,150,2023-07-14
2023-07-27,C4,CVNA,concentration_trim,0.06612388654072773,0.06,2570.5068048241556,2548.342755,0.6372450000000001,63,2023-07-28
2023-08-10,C4,AAOI,concentration_trim,0.10835643188731288,0.06,21845.72406035589,21827.821679999997,5.4583200000000005,1512,2023-08-11
2023-08-10,C4,BVS,concentration_trim,0.06633999225865304,0.06,2864.184060355892,2860.104795,0.7152050000000001,626,2023-08-11
2023-08-24,C4,AAOI,concentration_trim,0.06054532279590831,0.06,238.3305058530641,225.38363999999999,0.05636,16,2023-08-25
2023-09-22,C4,TTI,concentration_trim,0.06256297619549972,0.06,1038.094855917545,1036.30086,0.25914,168,2023-09-25
2023-10-06,C4,CAMT,concentration_trim,0.06567311277349717,0.06,2292.225430282131,2279.31003,0.5699700000000001,36,2023-10-09
2023-10-06,C4,CLS,concentration_trim,0.06453778507483098,0.06,1833.4954302821316,1822.524255,0.455745,69,2023-10-09
2023-10-06,C4,GRPN,concentration_trim,0.06478013087356528,0.06,1931.4154302821298,1925.39853,0.48146999999999995,132,2023-10-09
2023-10-20,C4,CLS,concentration_trim,0.062053533711486815,0.06,784.0901616019182,774.106425,0.193575,30,2023-10-23
2023-11-17,C4,ANF,concentration_trim,0.06076363654204641,0.06,289.39301110652013,220.65482249999997,0.0551775,3,2023-11-20
2023-11-17,C4,UEC,concentration_trim,0.06384050116195472,0.06,1455.4230111065262,1449.7174800000003,0.36252000000000006,228,2023-11-20
2023-12-18,C4,SKYH,concentration_trim,0.06889176913600457,0.06,3599.561337535233,3590.22222,0.89778,312,2023-12-19
2023-12-18,C4,SLNO,concentration_trim,0.06323472908208382,0.06,1309.4813375352314,1296.775725,0.324275,34,2023-12-19
2024-01-03,C4,STTK,concentration_trim,0.06568622601611031,0.06,2359.2536811022837,2351.5519649999997,0.588035,317,2024-01-04
2024-01-18,C4,ALT,concentration_trim,0.06893938613042061,0.06,3411.1076923384317,3408.78759,0.85241,316,2024-01-19
2024-01-18,C4,STTK,concentration_trim,0.07444939631542512,0.06,5513.627692338436,5509.33732125,1.37767875,651,2024-01-19
2024-02-01,C4,ABSI,concentration_trim,0.0652729251608321,0.06,2065.485181643431,2063.0841000000005,0.5159000000000001,469,2024-02-02
2024-02-01,C4,STTK,concentration_trim,0.06560250130318997,0.06,2194.5851816434297,2193.951375,0.548625,231,2024-02-02
2024-02-15,C4,ABSI,concentration_trim,0.06441886862128524,0.06,1887.1616795299633,1884.428775,0.471225,366,2024-02-16
2024-02-15,C4,ADCT,concentration_trim,0.06330780686990307,0.06,1412.6616795299597,1411.12713,0.35287,284,2024-02-16
2024-03-01,C4,ABSI,concentration_trim,0.061811229013183026,0.06,796.1208569322225,791.502075,0.19792500000000002,145,2024-03-04
2024-03-01,C4,ARQT,concentration_trim,0.07173705454072422,0.06,5158.9908569322215,5153.971185,1.288815,438,2024-03-04
2024-03-15,C4,SEZL,concentration_trim,0.06529202915022499,0.06,2290.9875496302884,2267.67294,0.56706,39,2024-03-18
2024-03-15,C4,WGS,concentration_trim,0.07154739867503818,0.06,4999.017549630291,4994.91096,1.24904,416,2024-03-18
2024-04-01,C4,CATX,concentration_trim,0.06738687491839028,0.06,3250.051222075792,3249.10752,0.81248,2539,2024-04-02
2024-04-01,C4,SEZL,concentration_trim,0.06934966165808638,0.06,4113.631222075794,4094.5761,1.0239,60,2024-04-02
2024-04-15,C4,CATX,concentration_trim,0.07382381940438547,0.06,5908.7534911535295,5905.8531675,1.4768325,3861,2024-04-16
2024-04-29,C4,CATX,concentration_trim,0.06355469793577222,0.06,1537.6257244493827,1536.2958299999998,0.38416999999999996,937,2024-04-30
2024-04-29,C4,DAVE,concentration_trim,0.07048171179712302,0.06,4533.985724449383,4485.198420000001,1.1215800000000002,93,2024-04-30
2024-04-29,C4,WGS,concentration_trim,0.06194725047349317,0.06,842.305724449383,835.791,0.20900000000000002,76,2024-04-30
2024-05-13,C4,CADL,concentration_trim,0.0716996320130069,0.06,5615.656377820564,5608.597499999999,1.4024999999999999,550,2024-05-14
2024-05-13,C4,WGS,concentration_trim,0.11495508489531478,0.06,26377.656377820564,26366.04684,6.59316,1128,2024-05-14
2024-05-28,C4,EXK,concentration_trim,0.06657617921205793,0.06,2991.774184327878,2988.33273,0.74727,722,2024-05-29
2024-05-28,C4,SG,concentration_trim,0.060109407975370864,0.06,49.774184327878174,31.032239999999998,0.0077599999999999995,1,2024-05-29
2024-06-11,C4,VITL,concentration_trim,0.06294232636838702,0.06,1295.2554448623923,1274.0913975,0.3186025,31,2024-06-12
2024-06-11,C4,WGS,concentration_trim,0.07567506668298413,0.06,6900.395444862392,6893.4762,1.7238,255,2024-06-12
2024-06-26,C4,VITL,concentration_trim,0.0687652863413679,0.06,3788.242450088048,3742.884045,0.935955,81,2024-06-27
2024-07-11,C4,EBS,concentration_trim,0.07124253602169452,0.06,5300.158902618194,5289.8272125,1.3227875000000002,535,2024-07-12
2024-07-11,C4,TSSI,concentration_trim,0.06598581105710512,0.06,2821.9389026181925,2818.37523,0.70477,946,2024-07-12
2024-07-11,C4,WGS,concentration_trim,0.07091693648571123,0.06,5146.658902618194,5131.71675,1.28325,150,2024-07-12
2024-07-25,C4,ASTS,concentration_trim,0.07791339437909328,0.06,8531.471555066215,8517.55008,2.1299200000000003,512,2024-07-26
2024-07-25,C4,EBS,concentration_trim,0.08289930402176625,0.06,10906.071555066213,10899.2745,2.7255000000000003,790,2024-07-26
2024-08-08,C4,ASTS,concentration_trim,0.08165997244386639,0.06,10171.055415308303,10153.0611,2.5389,455,2024-08-09
2024-08-08,C4,HROW,concentration_trim,0.07093477747006764,0.06,5134.735415308303,5120.63952,1.28048,151,2024-08-09
2024-08-22,C4,ASTS,concentration_trim,0.07459448280321292,0.06,8436.238892425543,8430.471855,2.108145,247,2024-08-23
2024-08-22,C4,CLOV,concentration_trim,0.0844006387794682,0.06,14104.61889242554,14098.39452,3.52548,4197,2024-08-23
2024-08-22,C4,EOSE,concentration_trim,0.06971007124587922,0.06,5612.838892425541,5610.577004999999,1.402995,2319,2024-08-23
2024-08-22,C4,TSSI,concentration_trim,0.07146184398192656,0.06,6625.43889242554,6620.30451,1.6554900000000001,1588,2024-08-23
2024-09-06,C4,PSIX,concentration_trim,0.0636278771495007,0.06,1979.7056164533897,1960.94964,0.49036,104,2024-09-09
2024-09-06,C4,TSSI,concentration_trim,0.07362376177263473,0.06,7434.38561645339,7431.5116575,1.8583425,1539,2024-09-09
2024-09-20,C4,HROW,concentration_trim,0.0650255173006338,0.06,2891.368671247852,2880.5596800000003,0.7203200000000001,64,2024-09-23
2024-09-20,C4,TSSI,concentration_trim,0.07069589316597301,0.06,6153.748671247849,6148.4625,1.5375,1025,2024-09-23
2024-10-04,C4,CLOV,concentration_trim,0.07589493606172422,0.06,9197.226776707677,9192.741240000001,2.29876,2276,2024-10-07
2024-10-04,C4,HROW,concentration_trim,0.06676812878282676,0.06,3916.2167767076753,3877.5203775,0.9696224999999999,77,2024-10-07
2024-10-18,C4,GEVO,concentration_trim,0.08630787333688382,0.06,16429.06361857256,16422.133439999998,4.10656,5248,2024-10-21
2024-10-18,C4,HROW,concentration_trim,0.06350951278862191,0.06,2191.6636185725583,2183.6939399999997,0.54606,38,2024-10-21
2024-10-18,C4,WLFC,concentration_trim,0.07052152909235794,0.06,6570.613618572555,6492.7764,1.6236,32,2024-10-21
2024-11-01,C4,CRVS,concentration_trim,0.07498261035077253,0.06,9326.120469527203,9316.0704,2.3296,1024,2024-11-04
2024-11-01,C4,TSSI,concentration_trim,0.0730269920806045,0.06,8108.8204695272,8103.37365,2.0263500000000003,1026,2024-11-04
2024-11-15,C4,APP,concentration_trim,0.08271968909076521,0.06,15190.580747143336,15132.895829999998,3.7841699999999996,52,2024-11-18
2024-11-15,C4,SEZL,concentration_trim,0.08407010535341597,0.06,16093.480747143338,15781.05375,3.94625,41,2024-11-18
2024-11-15,C4,TSSI,concentration_trim,0.06406689433348539,0.06,2719.160747143338,2717.3205,0.6795,300,2024-11-18
2024-12-02,C4,AAOI,concentration_trim,0.07001123058032625,0.06,7264.525140977996,7249.90707,1.8129300000000002,178,2024-12-03
2024-12-02,C4,APP,concentration_trim,0.06477258239062425,0.06,3463.165140977988,3405.0485249999997,0.851475,10,2024-12-03
2024-12-16,C4,IONQ,concentration_trim,0.06473954633125446,0.06,3461.8631333832454,3427.562895,0.857105,82,2024-12-17
2024-12-16,C4,QUBT,concentration_trim,0.09007553139437106,0.06,21967.79313338324,21955.06986,5.49014,1982,2024-12-17
2024-12-16,C4,RKLB,concentration_trim,0.06237240393235966,0.06,1732.8531333832434,1708.97265,0.42734999999999995,66,2024-12-17
2024-12-31,C4,UMAC,concentration_trim,0.06278086864849182,0.06,2077.91444050306,2068.3427850000003,0.5172150000000001,123,2025-01-02
2025-02-14,C4,HSAI,concentration_trim,0.06259246728876022,0.06,1627.0841408545311,1622.4742800000001,0.40572,92,2025-02-18
2025-02-14,C4,MVST,concentration_trim,0.06921489878718616,0.06,5783.4541408545265,5781.5842425,1.4457575,2767,2025-02-18
2025-02-14,C4,TDUP,concentration_trim,0.06073812847231749,0.06,463.26414085453143,462.72429000000005,0.11571000000000001,174,2025-02-18
2025-03-03,C4,HSAI,concentration_trim,0.0684607820447822,0.06,4200.583231555844,4185.91326,1.04674,263,2025-03-04
2025-03-17,C4,CNL,concentration_trim,0.062345323240092156,0.06,1336.481227715085,1330.3473299999998,0.33266999999999997,156,2025-03-18
2025-04-29,C4,TDUP,concentration_trim,0.06505566663137344,0.06,2623.5279859984657,2620.4297287499994,0.6552712499999999,591,2025-04-30
2025-05-13,C4,RGC,concentration_trim,0.3362934993087893,0.06,213406.8815197643,213179.29185,53.308150000000005,683,2025-05-14
2025-05-28,C4,RGC,concentration_trim,0.08998789312205252,0.06,25819.71728069317,25473.63,6.37,49,2025-05-29
2025-05-28,C4,ROMA,concentration_trim,0.0663873602596114,0.06,5499.547280693172,5497.235347500001,1.3746525000000003,1839,2025-05-29
2025-06-11,C4,AEVA,concentration_trim,0.07361713897059298,0.06,12312.813672290431,12297.104955,3.0750450000000003,527,2025-06-12
2025-06-11,C4,RGC,concentration_trim,0.06885534816603871,0.06,8007.133672290438,7469.332200000001,1.8678000000000001,12,2025-06-12
2025-06-11,C4,TDUP,concentration_trim,0.060254468035919696,0.06,230.0936722904371,224.98373999999998,0.05626,29,2025-06-12
2025-06-26,C4,AEVA,concentration_trim,0.08817329449094358,0.06,24931.331668350475,24895.29462,6.22538,742,2025-06-27
2025-06-26,C4,MFI,concentration_trim,0.07162530050936554,0.06,10287.551668350476,10281.369015,2.5709850000000003,1843,2025-06-27
2025-06-26,C4,TDUP,concentration_trim,0.061945482623098555,0.06,1721.6116683504733,1716.53076,0.42924,219,2025-06-27
2025-07-11,C4,NNNN,concentration_trim,0.07578063955674097,0.06,13489.209334762389,13444.618005,3.361995,273,2025-07-14
2025-07-25,C4,ROMA,concentration_trim,0.06450082514834715,0.06,3632.772563663624,3628.112745,0.907255,862,2025-07-28
2025-07-25,C4,TNGX,concentration_trim,0.06089656965860765,0.06,723.6525636636288,722.73927,0.18073000000000003,106,2025-07-28
2025-08-08,C4,MFI,concentration_trim,0.06836491177867274,0.06,6830.356634683783,6803.278755,1.7012450000000001,182,2025-08-11
2025-08-08,C4,NEGG,concentration_trim,0.08628338079181537,0.06,21461.656634683786,21378.37407,5.345930000000001,268,2025-08-11
2025-08-22,C4,NEGG,concentration_trim,0.07175182663336238,0.06,10148.283356006628,10072.48125,2.5187500000000003,100,2025-08-25
2025-09-08,C4,CELC,concentration_trim,0.06582219347921346,0.06,4917.04827781373,4876.120665,1.219335,78,2025-09-09
2025-09-08,C4,ONDS,concentration_trim,0.08251874715104374,0.06,19017.878277813732,19011.52593,4.75407,3138,2025-09-09
2025-09-08,C4,OPEN,concentration_trim,0.06163474300766362,0.06,1380.5982778137331,1376.77572,0.34428000000000003,228,2025-09-09
2025-09-22,C4,AMPX,concentration_trim,0.06493164572803727,0.06,4639.404270586339,4629.88224,1.1577600000000001,384,2025-09-23
2025-09-22,C4,BE,concentration_trim,0.07052056624054011,0.06,9897.134270586328,9832.321305,2.4586949999999996,114,2025-09-23
2025-09-22,C4,IREN,concentration_trim,0.07179739933238832,0.06,11098.30427058634,11058.8346,2.7654,264,2025-09-23
2025-09-22,C4,LWLG,concentration_trim,0.06630508345652071,0.06,5931.454270586335,5927.167837499999,1.4821625,1303,2025-09-23
2025-09-22,C4,ONDS,concentration_trim,0.0645321949098727,0.06,4263.624270586333,4260.554595,1.065405,587,2025-09-23
2025-10-06,C4,IREN,concentration_trim,0.07863987850783066,0.06,18451.943844936162,18417.6444375,4.6055625000000004,319,2025-10-07
2025-10-06,C4,LWLG,concentration_trim,0.061909839606852514,0.06,1890.583844936169,1886.60823,0.47177,382,2025-10-07
2025-10-06,C4,ONDS,concentration_trim,0.0837256553309282,0.06,23486.443844936162,23478.109005,5.870995,2203,2025-10-07
2025-10-20,C4,BETR,concentration_trim,0.06500486606540341,0.06,5364.032557920502,5289.0274125000005,1.3225875,65,2025-10-21
2025-10-20,C4,UAMY,concentration_trim,0.07666312882301288,0.06,17858.93255792051,17844.007882500002,4.462117500000001,1329,2025-10-21
2025-11-03,C4,IREN,concentration_trim,0.06744659883777322,0.06,7697.019349697875,7653.8360625,1.9139375,113,2025-11-04
2025-11-03,C4,SNDK,concentration_trim,0.07229926914422104,0.06,12712.879349697876,12624.453097499998,3.1569024999999997,61,2025-11-04
2025-11-17,C4,AXTI,concentration_trim,0.06018224076955659,0.06,189.58330088303046,184.453875,0.046125,18,2025-11-18
2025-11-17,C4,BW,concentration_trim,0.09146489396573772,0.06,32732.62330088304,32721.277635,8.182365,5106,2025-11-18
2025-11-17,C4,SNDK,concentration_trim,0.07667475286697832,0.06,17346.58330088303,17277.87945,4.32055,65,2025-11-18
2025-12-02,C4,AXTI,concentration_trim,0.06984870097761764,0.06,10098.229404744889,10087.55748,2.52252,858,2025-12-03
2025-12-16,C4,ANRO,concentration_trim,0.0649307352513586,0.06,5513.628033247995,5504.823450000001,1.3765500000000002,322,2025-12-17
2025-12-16,C4,AXTI,concentration_trim,0.06082544684445225,0.06,923.0280332479888,922.76925,0.23075,71,2025-12-17
2025-12-16,C4,GLUE,concentration_trim,0.06376214191435674,0.06,4206.888033247989,4197.450375,1.049625,225,2025-12-17
2025-12-16,C4,PRAX,concentration_trim,0.07020991114142831,0.06,11416.88803324799,11252.096272499999,2.8137275,41,2025-12-17
2025-12-16,C4,TERN,concentration_trim,0.07807012637025043,0.06,20206.308033247988,20167.356900000002,5.043100000000001,470,2025-12-17
2025-12-31,C4,ANRO,concentration_trim,0.06356624190538229,0.06,3918.62101875378,3915.021,0.979,220,2026-01-02
2025-12-31,C4,AXTI,concentration_trim,0.07679432923072987,0.06,18453.77101875379,18438.189300000002,4.6107000000000005,1128,2026-01-02
2025-12-31,C4,PRAX,concentration_trim,0.06571775195143302,0.06,6282.721018753786,6187.992615,1.547385,21,2026-01-02
2026-01-15,C4,ALMS,concentration_trim,0.10742568610693101,0.06,60063.880305922066,60047.434387500005,15.015612500000001,2485,2026-01-16
2026-01-15,C4,AXTI,concentration_trim,0.08190292713300022,0.06,27739.71030592204,27719.22846,6.93154,1078,2026-01-16
2026-01-15,C4,BIOA,concentration_trim,0.07051767618588352,0.06,13320.470305922048,13311.3613275,3.3286725,619,2026-01-16
2026-01-15,C4,HYMC,concentration_trim,0.063117638913884,0.06,3948.4403059220494,3942.274185,0.9858150000000001,114,2026-01-16
2026-01-30,C4,ALMS,concentration_trim,0.06284890182006697,0.06,3493.0567203522223,3479.549895,0.870105,142,2026-02-02
2026-02-13,C4,ALMS,concentration_trim,0.06552170458611876,0.06,6714.282145208563,6686.40798,1.67202,252,2026-02-17
2026-02-13,C4,ERAS,concentration_trim,0.06535962954722442,0.06,6517.202145208561,6514.371,1.629,543,2026-02-17
2026-03-02,C4,ERAS,concentration_trim,0.06352466728900547,0.06,4901.679627783393,4895.3858475,1.2241525,337,2026-03-03
2026-03-02,C4,HYMC,concentration_trim,0.06853876589857727,0.06,11874.679627783407,11869.651845,2.9681550000000003,213,2026-03-03
2026-03-02,C4,ISSC,concentration_trim,0.06080504551455635,0.06,1119.5596277833974,1102.9242,0.27579999999999993,40,2026-03-03
2026-03-16,C4,IPSC,concentration_trim,0.06120724105878414,0.06,1665.1458647239633,1664.1338625,0.41613750000000005,685,2026-03-16
2026-03-16,C4,ISSC,concentration_trim,0.06392933479874677,0.06,5419.7258647239505,5389.552275000001,1.347725,185,2026-03-16
