ticker,value_start,value_end,delta_value,delta_pct_of_total,from_date,to_date,window_type
IONQ,50603.76,0.0,-50603.76,17.608380270301613,2024-12-26,2025-04-08,mdd_main
KOD,49017.3,0.0,-49017.3,17.05634637077275,2024-12-26,2025-04-08,mdd_main
UMAC,48919.06,0.0,-48919.06,17.022162205845984,2024-12-26,2025-04-08,mdd_main
RKLB,48148.920000000006,0.0,-48148.920000000006,16.7541797875164,2024-12-26,2025-04-08,mdd_main
SOUN,44922.42,0.0,-44922.42,15.631467978312333,2024-12-26,2025-04-08,mdd_main
REAL,43388.520000000004,0.0,-43388.520000000004,15.097723163764648,2024-12-26,2025-04-08,mdd_main
ALAB,40680.99,0.0,-40680.99,14.15559519079881,2024-12-26,2025-04-08,mdd_main
DRUG,37769.2,0.0,-37769.2,13.142391713680478,2024-12-26,2025-04-08,mdd_main
RDDT,36231.700000000004,0.0,-36231.700000000004,12.607394222079288,2024-12-26,2025-04-08,mdd_main
DXYZ,35836.0,0.0,-35836.0,12.46970413594817,2024-12-26,2025-04-08,mdd_main
SATL,35336.76,0.0,-35336.76,12.295985665894852,2024-12-26,2025-04-08,mdd_main
MSTR,33422.9,0.0,-33422.9,11.630027747666652,2024-12-26,2025-04-08,mdd_main
CRDO,8930.48,0.0,-8930.48,3.1075020479964954,2024-12-26,2025-04-08,mdd_main
BTDR,24.46,0.0,-24.46,0.008511244646871644,2024-12-26,2025-04-08,mdd_main
HUT,23.89,0.0,-23.89,0.008312904113399983,2024-12-26,2025-04-08,mdd_main
SMR,21.82,0.0,-21.82,0.007592614807634476,2024-12-26,2025-04-08,mdd_main
QUBT,19.24,0.0,-19.24,0.00669486291928906,2024-12-26,2025-04-08,mdd_main
RGTI,15.44,0.0,-15.44,0.005372592696144651,2024-12-26,2025-04-08,mdd_main
ETON,13.57,0.0,-13.57,0.004721896560018325,2024-12-26,2025-04-08,mdd_main
RCAT,13.41,0.0,-13.41,0.004666222024306981,2024-12-26,2025-04-08,mdd_main
APPS,0.0,2.2,2.2,-0.0007655248660309739,2024-12-26,2025-04-08,mdd_main
BB,0.0,2.87,2.87,-0.0009986619843222247,2024-12-26,2025-04-08,mdd_main
ORLA,0.0,8.29,8.29,-0.0028846368815439874,2024-12-26,2025-04-08,mdd_main
CYD,0.0,14.76,14.76,-0.005135975919371442,2024-12-26,2025-04-08,mdd_main
AU,0.0,33.16,33.16,-0.01153854752617595,2024-12-26,2025-04-08,mdd_main
ESLT,0.0,371.97,371.97,-0.12943285655342787,2024-12-26,2025-04-08,mdd_main
NAK,0.0,14220.165,14220.165,-4.9481317757106105,2024-12-26,2025-04-08,mdd_main
ROOT,0.0,20214.7,20214.7,-7.034025231525602,2024-12-26,2025-04-08,mdd_main
PGEN,0.0,20851.739999999998,20851.739999999998,-7.255693395460316,2024-12-26,2025-04-08,mdd_main
ASM,0.0,21070.72,21070.72,-7.331890956898254,2024-12-26,2025-04-08,mdd_main
IHS,0.0,22179.320000000003,22179.320000000003,-7.717645896208227,2024-12-26,2025-04-08,mdd_main
RGC,0.0,23504.0,23504.0,-8.178589295996366,2024-12-26,2025-04-08,mdd_main
OPCH,0.0,24887.61,24887.61,-8.660038323218693,2024-12-26,2025-04-08,mdd_main
TMC,0.0,25500.420000000002,25500.420000000002,-8.87327527465162,2024-12-26,2025-04-08,mdd_main
CNL,0.0,26070.69,26070.69,-9.071709758902294,2024-12-26,2025-04-08,mdd_main
ALHC,0.0,27022.7,27022.7,-9.40297672604327,2024-12-26,2025-04-08,mdd_main
FEIM,5777.0,0.0,-5777.0,-90.06606674174617,2018-10-24,2018-11-01,dd_gt_10pct
TDS,5489.93,0.0,-5489.93,-85.59051441708752,2018-10-24,2018-11-01,dd_gt_10pct
MCS,5384.1,0.0,-5384.1,-83.94057641409653,2018-10-24,2018-11-01,dd_gt_10pct
ICL,5389.179999999999,6.11,-5383.07,-83.9245182439833,2018-10-24,2018-11-01,dd_gt_10pct
BAND,5389.44,55.64,-5333.799999999999,-83.15637645614085,2018-10-24,2018-11-01,dd_gt_10pct
WING,5146.4400000000005,63.71,-5082.7300000000005,-79.24208056262343,2018-10-24,2018-11-01,dd_gt_10pct
WK,5105.64,34.19,-5071.450000000001,-79.06622021419918,2018-10-24,2018-11-01,dd_gt_10pct
CGC,4304.639999999999,37.03,-4267.61,-66.53398772507242,2018-10-24,2018-11-01,dd_gt_10pct
IAC,2081.75,0.0,-2081.75,-32.45543265356242,2018-10-24,2018-11-01,dd_gt_10pct
AVAV,91.02,0.0,-91.02,-1.4190433434020662,2018-10-24,2018-11-01,dd_gt_10pct
MDB,66.99,0.0,-66.99,-1.0444046756152978,2018-10-24,2018-11-01,dd_gt_10pct
NVCR,41.52,0.0,-41.52,-0.6473157505828806,2018-10-24,2018-11-01,dd_gt_10pct
CLF,10.19,0.0,-10.19,-0.1588667509258081,2018-10-24,2018-11-01,dd_gt_10pct
DNN,10.5754,0.6288,-9.9466,-0.1550720338330366,2018-10-24,2018-11-01,dd_gt_10pct
LXU,8.43,0.0,-8.43,-0.13142754762557038,2018-10-24,2018-11-01,dd_gt_10pct
EYPT,2.23,0.0,-2.23,-0.03476671781791483,2018-10-24,2018-11-01,dd_gt_10pct
UAMY,0.683,0.0,-0.683,-0.010648281735262704,2018-10-24,2018-11-01,dd_gt_10pct
NOA,10.55,11.37,0.8199999999999985,0.012784174264883456,2018-10-24,2018-11-01,dd_gt_10pct
KALV,5867.55,5873.45,5.899999999999636,0.09198369288147303,2018-10-24,2018-11-01,dd_gt_10pct
AXSM,0.0,31.36,31.36,0.4889167133496901,2018-10-24,2018-11-01,dd_gt_10pct
CCO,5367.599999999999,5556.599999999999,189.0,2.9465962634914358,2018-10-24,2018-11-01,dd_gt_10pct
GOGO,4286.4,5296.24,1009.8400000000001,15.743866511768212,2018-10-24,2018-11-01,dd_gt_10pct
CDNA,5196.12,6219.84,1023.7200000000003,15.960262046885997,2018-10-24,2018-11-01,dd_gt_10pct
FRPT,0.0,3985.2,3985.2,62.1310869273337,2018-10-24,2018-11-01,dd_gt_10pct
ATNI,0.0,5320.32,5320.32,82.94621710359131,2018-10-24,2018-11-01,dd_gt_10pct
OLLI,0.0,5347.0199999999995,5347.0199999999995,83.36248229002105,2018-10-24,2018-11-01,dd_gt_10pct
MGTX,0.0,5382.4400000000005,5382.4400000000005,83.91469625643833,2018-10-24,2018-11-01,dd_gt_10pct
IIIV,0.0,5450.84,5450.84,84.98108347560667,2018-10-24,2018-11-01,dd_gt_10pct
RLGT,0.0,5477.25,5477.25,85.39282742967444,2018-10-24,2018-11-01,dd_gt_10pct
FRO,0.0,5592.4800000000005,5592.4800000000005,87.18931572301898,2018-10-24,2018-11-01,dd_gt_10pct
NERV,0.0,5702.099999999999,5702.099999999999,88.898341555844,2018-10-24,2018-11-01,dd_gt_10pct
ATLC,0.0,5998.34,5998.34,93.51685836587947,2018-10-24,2018-11-01,dd_gt_10pct
NERV,5258.88,0.0,-5258.88,119.45101975088977,2018-11-05,2018-11-06,dd_gt_10pct
IIIV,5334.0,5077.46,-256.53999999999996,5.827089533682696,2018-11-05,2018-11-06,dd_gt_10pct
MGTX,5513.320000000001,5337.450000000001,-175.8699999999999,3.994738583802819,2018-11-05,2018-11-06,dd_gt_10pct
KALV,5560.75,5428.0,-132.75,3.0153041849083104,2018-11-05,2018-11-06,dd_gt_10pct
FRPT,3827.5199999999995,3709.8,-117.71999999999935,2.6739104229559647,2018-11-05,2018-11-06,dd_gt_10pct
FRO,5653.6,5577.2,-76.40000000000055,1.735361504534814,2018-11-05,2018-11-06,dd_gt_10pct
BAND,49.85,0.0,-49.85,1.1323006675531397,2018-11-05,2018-11-06,dd_gt_10pct
CCO,5414.85,5395.95,-18.900000000000546,0.42929754497000916,2018-11-05,2018-11-06,dd_gt_10pct
ATLC,6213.75,6197.18,-16.56999999999971,0.37637356191284244,2018-11-05,2018-11-06,dd_gt_10pct
RLGT,5256.150000000001,5246.099999999999,-10.050000000001091,0.22827726597613418,2018-11-05,2018-11-06,dd_gt_10pct
NOA,10.54,10.47,-0.06999999999999851,0.0015899909072962504,2018-11-05,2018-11-06,dd_gt_10pct
DNN,0.6499,0.639,-0.01090000000000002,0.00024758429842185046,2018-11-05,2018-11-06,dd_gt_10pct
AXSM,30.96,30.96,0.0,-0.0,2018-11-05,2018-11-06,dd_gt_10pct
WK,34.13,34.3,0.1699999999999946,-0.003861406489147997,2018-11-05,2018-11-06,dd_gt_10pct
ICL,5.98,6.17,0.1899999999999995,-0.004315689605518475,2018-11-05,2018-11-06,dd_gt_10pct
WING,62.69,64.56,1.8700000000000045,-0.04247547138062941,2018-11-05,2018-11-06,dd_gt_10pct
CGC,40.09,42.59,2.5,-0.05678538954629587,2018-11-05,2018-11-06,dd_gt_10pct
OLLI,5171.28,5190.42,19.140000000000327,-0.43474894236644857,2018-11-05,2018-11-06,dd_gt_10pct
ATNI,5328.64,5352.96,24.31999999999971,-0.5524082695063596,2018-11-05,2018-11-06,dd_gt_10pct
CDNA,6062.5199999999995,6272.280000000001,209.76000000000113,-4.764521324492434,2018-11-05,2018-11-06,dd_gt_10pct
GOGO,5535.24,6988.36,1453.12,-33.00639410300538,2018-11-05,2018-11-06,dd_gt_10pct
ATLC,6064.62,0.0,-6064.62,-39.27917237399979,2018-11-09,2019-04-23,dd_gt_10pct
CDNA,5839.08,0.0,-5839.08,-37.818400794373716,2018-11-09,2019-04-23,dd_gt_10pct
RLGT,5718.450000000001,0.0,-5718.450000000001,-37.03710756190811,2018-11-09,2019-04-23,dd_gt_10pct
KALV,5551.9,0.0,-5551.9,-35.95840087313128,2018-11-09,2019-04-23,dd_gt_10pct
CCO,5490.45,0.0,-5490.45,-35.560403118551065,2018-11-09,2019-04-23,dd_gt_10pct
ATNI,5374.72,0.0,-5374.72,-34.810846078069886,2018-11-09,2019-04-23,dd_gt_10pct
OLLI,5294.24,0.0,-5294.24,-34.289595316660346,2018-11-09,2019-04-23,dd_gt_10pct
MGTX,5288.37,0.0,-5288.37,-34.251576654017775,2018-11-09,2019-04-23,dd_gt_10pct
FRO,5134.08,0.0,-5134.08,-33.252275212940766,2018-11-09,2019-04-23,dd_gt_10pct
IIIV,5082.54,0.0,-5082.54,-32.91846228745558,2018-11-09,2019-04-23,dd_gt_10pct
FRPT,3907.44,0.0,-3907.44,-25.307605307679914,2018-11-09,2019-04-23,dd_gt_10pct
GOGO,3324.8399999999997,0.0,-3324.8399999999997,-21.53423684847022,2018-11-09,2019-04-23,dd_gt_10pct
WING,67.4,0.0,-67.4,-0.4365345591327381,2018-11-09,2019-04-23,dd_gt_10pct
CGC,39.14,0.0,-39.14,-0.253500929442958,2018-11-09,2019-04-23,dd_gt_10pct
WK,38.57,0.0,-38.57,-0.2498091683345654,2018-11-09,2019-04-23,dd_gt_10pct
NOA,10.02,0.0,-10.02,-0.06489727422121715,2018-11-09,2019-04-23,dd_gt_10pct
ICL,6.44,0.0,-6.44,-0.04171042375096192,2018-11-09,2019-04-23,dd_gt_10pct
DNN,0.6,0.0,-0.6,-0.003886064324623781,2018-11-09,2019-04-23,dd_gt_10pct
AVXL,0.0,2.93,2.93,0.0189769474519128,2018-11-09,2019-04-23,dd_gt_10pct
PLUG,0.0,10.12,10.12,0.06554495160865444,2018-11-09,2019-04-23,dd_gt_10pct
LSCC,0.0,39.42,39.42,0.25531442612778243,2018-11-09,2019-04-23,dd_gt_10pct
GH,0.0,66.72,66.72,0.4321303528981644,2018-11-09,2019-04-23,dd_gt_10pct
IIPR,0.0,83.92,83.92,0.5435308635373794,2018-11-09,2019-04-23,dd_gt_10pct
ATAI,0.0,1034.0,1034.0,6.696984186101649,2018-11-09,2019-04-23,dd_gt_10pct
CVNA,0.0,1398.39,1398.39,9.057055818184416,2018-11-09,2019-04-23,dd_gt_10pct
PUMP,0.0,3851.21,3851.21,24.94341631272392,2018-11-09,2019-04-23,dd_gt_10pct
MDB,0.0,5081.21,5081.21,32.90984817820267,2018-11-09,2019-04-23,dd_gt_10pct
OLED,0.0,5332.93,5332.93,34.540181697859836,2018-11-09,2019-04-23,dd_gt_10pct
QURE,0.0,5340.820000000001,5340.820000000001,34.59128344372864,2018-11-09,2019-04-23,dd_gt_10pct
CPRX,0.0,5643.0,5643.0,36.548434973086664,2018-11-09,2019-04-23,dd_gt_10pct
SNAP,0.0,5671.27,5671.27,36.73153337051519,2018-11-09,2019-04-23,dd_gt_10pct
GFF,0.0,5816.4,5816.4,37.67150756290293,2018-11-09,2019-04-23,dd_gt_10pct
AXSM,30.96,5945.62,5914.66,38.30791536379882,2018-11-09,2019-04-23,dd_gt_10pct
YETI,0.0,6074.88,6074.88,39.34562407395086,2018-11-09,2019-04-23,dd_gt_10pct
FTK,0.0,6145.2,6145.2,39.801070812796766,2018-11-09,2019-04-23,dd_gt_10pct
TRX,0.0,6286.0056,6286.0056,40.713036844242176,2018-11-09,2019-04-23,dd_gt_10pct
DBD,0.0,6836.200000000001,6836.200000000001,44.27652155998849,2018-11-09,2019-04-23,dd_gt_10pct
RIOT,0.0,7043.4,7043.4,45.618509106758566,2018-11-09,2019-04-23,dd_gt_10pct
YETI,6779.2,0.0,-6779.2,-603.5078985627424,2019-04-30,2019-08-08,dd_gt_10pct
AXSM,6613.29,25.5,-6587.79,-586.4679164315331,2019-04-30,2019-08-08,dd_gt_10pct
RIOT,6165.9,0.0,-6165.9,-548.909805249589,2019-04-30,2019-08-08,dd_gt_10pct
MGTX,5644.17,0.0,-5644.17,-502.4635909592392,2019-04-30,2019-08-08,dd_gt_10pct
TGTX,5461.650000000001,0.0,-5461.650000000001,-486.21502746418497,2019-04-30,2019-08-08,dd_gt_10pct
QURE,5450.429999999999,0.0,-5450.429999999999,-485.2161841461128,2019-04-30,2019-08-08,dd_gt_10pct
PLUG,5438.160000000001,0.0,-5438.160000000001,-484.1238661859753,2019-04-30,2019-08-08,dd_gt_10pct
SAFE,5399.22,0.0,-5399.22,-480.6572923173723,2019-04-30,2019-08-08,dd_gt_10pct
SNAP,5269.22,0.0,-5269.22,-469.08424139496907,2019-04-30,2019-08-08,dd_gt_10pct
COKE,5200.48,0.0,-5200.48,-462.9647681610766,2019-04-30,2019-08-08,dd_gt_10pct
DBD,5186.26,0.0,-5186.26,-461.698854437103,2019-04-30,2019-08-08,dd_gt_10pct
BHVN,5087.25,0.0,-5087.25,-452.88464080766346,2019-04-30,2019-08-08,dd_gt_10pct
CPRX,3002.02,0.0,-3002.02,-267.2502333082553,2019-04-30,2019-08-08,dd_gt_10pct
CVNA,1502.76,0.0,-1502.76,-133.78090772423693,2019-04-30,2019-08-08,dd_gt_10pct
TROX,636.3000000000001,0.0,-636.3000000000001,-56.64563309173252,2019-04-30,2019-08-08,dd_gt_10pct
OLED,159.6,0.0,-159.6,-14.20814559396591,2019-04-30,2019-08-08,dd_gt_10pct
MDB,140.92,0.0,-140.92,-12.545187199885188,2019-04-30,2019-08-08,dd_gt_10pct
LSCC,12.95,0.0,-12.95,-1.1528539188086373,2019-04-30,2019-08-08,dd_gt_10pct
FTK,3.57,0.0,-3.57,-0.3178137830229217,2019-04-30,2019-08-08,dd_gt_10pct
GERN,1.82,0.0,-1.82,-0.16202271291364637,2019-04-30,2019-08-08,dd_gt_10pct
TRX,0.8507,0.0,-0.8507,-0.07573226476683459,2019-04-30,2019-08-08,dd_gt_10pct
ASPN,0.0,6.44,6.44,0.5733111380021333,2019-04-30,2019-08-08,dd_gt_10pct
EVER,0.0,19.91,19.91,1.7724572605003839,2019-04-30,2019-08-08,dd_gt_10pct
GSHD,0.0,45.91,45.91,4.087067444981045,2019-04-30,2019-08-08,dd_gt_10pct
KGC,0.0,2503.18,2503.18,222.84176621493478,2019-04-30,2019-08-08,dd_gt_10pct
AGI,0.0,2782.56,2782.56,247.71314288186582,2019-04-30,2019-08-08,dd_gt_10pct
HROW,0.0,4874.820000000001,4874.820000000001,433.97338536577007,2019-04-30,2019-08-08,dd_gt_10pct
NRC,0.0,5373.419999999999,5373.419999999999,478.3604868266184,2019-04-30,2019-08-08,dd_gt_10pct
AU,0.0,5386.719999999999,5386.719999999999,479.5444989594489,2019-04-30,2019-08-08,dd_gt_10pct
NG,0.0,5606.37,5606.37,499.09850384487885,2019-04-30,2019-08-08,dd_gt_10pct
IOVA,0.0,5614.87,5614.87,499.8552033282667,2019-04-30,2019-08-08,dd_gt_10pct
PAGS,0.0,5683.37,5683.37,505.95331092968695,2019-04-30,2019-08-08,dd_gt_10pct
RGLD,0.0,5697.45,5697.45,507.20676136805184,2019-04-30,2019-08-08,dd_gt_10pct
NVCR,0.0,5774.339999999999,5774.339999999999,514.0517758713102,2019-04-30,2019-08-08,dd_gt_10pct
AG,0.0,5923.88,5923.88,527.3643453708195,2019-04-30,2019-08-08,dd_gt_10pct
EGO,0.0,6032.0,6032.0,536.9895627995137,2019-04-30,2019-08-08,dd_gt_10pct
RDVT,0.0,6075.92,6075.92,540.8994735419133,2019-04-30,2019-08-08,dd_gt_10pct
USAS,0.0,6852.66,6852.66,610.0475625685867,2019-04-30,2019-08-08,dd_gt_10pct
USAS,6871.59,3.03,-6868.56,69.11028268711229,2019-08-12,2019-08-16,dd_gt_10pct
HROW,4318.86,0.0,-4318.86,43.45563487631494,2019-08-12,2019-08-16,dd_gt_10pct
AG,5841.68,5425.2,-416.4800000000005,4.190550935498643,2019-08-12,2019-08-16,dd_gt_10pct
IOVA,5494.39,5258.45,-235.9400000000005,2.3739881572261594,2019-08-12,2019-08-16,dd_gt_10pct
RGLD,5765.849999999999,5608.8,-157.04999999999927,1.5802103928641427,2019-08-12,2019-08-16,dd_gt_10pct
KGC,2435.0,2327.86,-107.13999999999987,1.0780244603085947,2019-08-12,2019-08-16,dd_gt_10pct
AGI,2656.08,2604.0,-52.07999999999993,0.5240201035362293,2019-08-12,2019-08-16,dd_gt_10pct
AXSM,25.41,0.0,-25.41,0.25567109890275735,2019-08-12,2019-08-16,dd_gt_10pct
GSHD,44.93,43.5,-1.4299999999999997,0.014388416821367293,2019-08-12,2019-08-16,dd_gt_10pct
ASPN,6.66,6.4,-0.2599999999999998,0.002616075785703143,2019-08-12,2019-08-16,dd_gt_10pct
EVER,19.82,21.29,1.4699999999999989,-0.014790890019167769,2019-08-12,2019-08-16,dd_gt_10pct
NG,5541.65,5598.28,56.63000000000011,-0.5698014297860361,2019-08-12,2019-08-16,dd_gt_10pct
NRC,5250.58,5385.87,135.28999999999996,-1.361264973260686,2019-08-12,2019-08-16,dd_gt_10pct
AU,5268.82,5512.48,243.65999999999985,-2.451665484401646,2019-08-12,2019-08-16,dd_gt_10pct
EGO,5995.75,6249.499999999999,253.7499999999991,-2.5531893485468102,2019-08-12,2019-08-16,dd_gt_10pct
RDVT,5724.0,6003.84,279.84000000000015,-2.8157024918121865,2019-08-12,2019-08-16,dd_gt_10pct
NVCR,5722.2,6185.5199999999995,463.3199999999997,-4.661847050123002,2019-08-12,2019-08-16,dd_gt_10pct
PAGS,5425.64,6236.34,810.6999999999998,-8.157125536421304,2019-08-12,2019-08-16,dd_gt_10pct
PAGS,6029.429999999999,48.89,-5980.539999999999,-27.885192388123098,2019-08-19,2019-08-20,dd_gt_10pct
RDVT,5940.24,0.0,-5940.24,-27.69728740742882,2019-08-19,2019-08-20,dd_gt_10pct
NRC,5342.71,0.0,-5342.71,-24.911211399631,2019-08-19,2019-08-20,dd_gt_10pct
IOVA,5014.9800000000005,19.7,-4995.280000000001,-23.291265309243578,2019-08-19,2019-08-20,dd_gt_10pct
AGI,2592.8399999999997,7.17,-2585.6699999999996,-12.056086139746286,2019-08-19,2019-08-20,dd_gt_10pct
KGC,2284.03,4.77,-2279.26,-10.627402141370757,2019-08-19,2019-08-20,dd_gt_10pct
GSHD,43.33,0.0,-43.33,-0.202032824155908,2019-08-19,2019-08-20,dd_gt_10pct
NVCR,6268.0199999999995,6225.12,-42.899999999999636,-0.20002788267455296,2019-08-19,2019-08-20,dd_gt_10pct
ASPN,6.37,0.0,-6.37,-0.029701109851676295,2019-08-19,2019-08-20,dd_gt_10pct
RGLD,5648.4,5738.4,90.0,0.41963891470186293,2019-08-19,2019-08-20,dd_gt_10pct
EGO,6213.25,6351.0,137.75,0.6422806722242402,2019-08-19,2019-08-20,dd_gt_10pct
NG,5517.38,5743.9,226.51999999999953,1.0561845217585086,2019-08-19,2019-08-20,dd_gt_10pct
AG,5474.52,5754.0,279.47999999999956,1.3031187097875163,2019-08-19,2019-08-20,dd_gt_10pct
AU,5313.360000000001,5643.48,330.119999999999,1.5392355391264283,2019-08-19,2019-08-20,dd_gt_10pct
GOLD,0.0,3551.1000000000004,3551.1000000000004,16.557552777753173,2019-08-19,2019-08-20,dd_gt_10pct
EVER,22.12,5506.2,5484.08,25.57037088153547,2019-08-19,2019-08-20,dd_gt_10pct
SHAK,0.0,5490.24,5490.24,25.599092833919507,2019-08-19,2019-08-20,dd_gt_10pct
APPN,0.0,5497.65,5497.65,25.63364310456329,2019-08-19,2019-08-20,dd_gt_10pct
ATLC,0.0,5512.0,5512.0,25.700552198185207,2019-08-19,2019-08-20,dd_gt_10pct
USAS,3.0,5517.3,5514.3,25.711276303783144,2019-08-19,2019-08-20,dd_gt_10pct
ORN,0.0,5515.799999999999,5515.799999999999,25.71827028569483,2019-08-19,2019-08-20,dd_gt_10pct
SVM,0.0,5516.67,5516.67,25.72232679520362,2019-08-19,2019-08-20,dd_gt_10pct
PERI,0.0,5517.599999999999,5517.599999999999,25.726663063988873,2019-08-19,2019-08-20,dd_gt_10pct
ATLC,4540.51,2052.75,-2487.76,190.80547928395018,2019-08-22,2019-08-23,dd_gt_10pct
ORN,5820.12,5198.799999999999,-621.3200000000006,47.65381724471172,2019-08-22,2019-08-23,dd_gt_10pct
PERI,5333.68,5041.08,-292.60000000000036,22.44174809406208,2019-08-22,2019-08-23,dd_gt_10pct
NVCR,6375.599999999999,6104.339999999999,-271.2600000000002,20.80501909772822,2019-08-22,2019-08-23,dd_gt_10pct
EVER,5212.08,5107.2,-104.88000000000011,8.044055160988485,2019-08-22,2019-08-23,dd_gt_10pct
SHAK,5642.429999999999,5577.45,-64.97999999999956,4.983816784525436,2019-08-22,2019-08-23,dd_gt_10pct
APPN,5722.8,5705.7,-17.100000000000364,1.3115307327698882,2019-08-22,2019-08-23,dd_gt_10pct
PAGS,52.34,50.96,-1.3800000000000026,0.10584283106563804,2019-08-22,2019-08-23,dd_gt_10pct
IOVA,19.51,19.6,0.08999999999999986,-0.006902793330367675,2019-08-22,2019-08-23,dd_gt_10pct
KGC,4.68,5.03,0.35000000000000053,-0.026844196284763262,2019-08-22,2019-08-23,dd_gt_10pct
AGI,6.95,7.31,0.35999999999999943,-0.0276111733214707,2019-08-22,2019-08-23,dd_gt_10pct
GOLD,3560.6,3636.6,76.0,-5.829025478977156,2019-08-22,2019-08-23,dd_gt_10pct
RGLD,5701.95,5820.75,118.80000000000018,-9.11168719608536,2019-08-22,2019-08-23,dd_gt_10pct
AU,5653.959999999999,5902.860000000001,248.90000000000146,-19.0900584436503,2019-08-22,2019-08-23,dd_gt_10pct
NG,5751.990000000001,6067.5,315.5099999999993,-24.19889248515893,2019-08-22,2019-08-23,dd_gt_10pct
AG,5649.88,6033.48,383.59999999999945,-29.421239128100453,2019-08-22,2019-08-23,dd_gt_10pct
EGO,6220.5,6648.25,427.75,-32.807442745164195,2019-08-22,2019-08-23,dd_gt_10pct
USAS,5343.8,5812.25,468.4499999999998,-35.92903928456379,2019-08-22,2019-08-23,dd_gt_10pct
SVM,5398.349999999999,5916.0,517.6500000000005,-39.702566305164844,2019-08-22,2019-08-23,dd_gt_10pct
EGO,6228.4,0.0,-6228.4,75.5565233372536,2019-09-06,2020-02-19,dd_gt_10pct
SVM,6203.400000000001,0.0,-6203.400000000001,75.25324912823824,2019-09-06,2020-02-19,dd_gt_10pct
CPRX,6052.2,0.0,-6052.2,73.41904671211327,2019-09-06,2020-02-19,dd_gt_10pct
SHAK,5877.84,0.0,-5877.84,71.30389106875647,2019-09-06,2020-02-19,dd_gt_10pct
RGLD,5849.099999999999,0.0,-5849.099999999999,70.95524703807239,2019-09-06,2020-02-19,dd_gt_10pct
NVCR,5653.5599999999995,0.0,-5653.5599999999995,68.58315748483776,2019-09-06,2020-02-19,dd_gt_10pct
EVER,5562.16,0.0,-5562.16,67.47438697667756,2019-09-06,2020-02-19,dd_gt_10pct
NG,5468.84,0.0,-5468.84,66.342325009265,2019-09-06,2020-02-19,dd_gt_10pct
AU,5454.84,0.0,-5454.84,66.17249145221638,2019-09-06,2020-02-19,dd_gt_10pct
USAS,5430.55,0.0,-5430.55,65.87783023073705,2019-09-06,2020-02-19,dd_gt_10pct
PERI,5429.82,0.0,-5429.82,65.8689746238338,2019-09-06,2020-02-19,dd_gt_10pct
AG,5408.759999999999,0.0,-5408.759999999999,65.61349643015923,2019-09-06,2020-02-19,dd_gt_10pct
PAAS,5289.5,0.0,-5289.5,64.16675714347232,2019-09-06,2020-02-19,dd_gt_10pct
APPN,4997.0,0.0,-4997.0,60.61844889799247,2019-09-06,2020-02-19,dd_gt_10pct
CDE,4919.82,0.0,-4919.82,59.682180759920215,2019-09-06,2020-02-19,dd_gt_10pct
ATLC,4831.25,0.0,-4831.25,58.60774089222055,2019-09-06,2020-02-19,dd_gt_10pct
UTI,2757.7000000000003,0.0,-2757.7000000000003,33.453571448067606,2019-09-06,2020-02-19,dd_gt_10pct
ARDX,4.87,0.0,-4.87,0.05907781591619438,2019-09-06,2020-02-19,dd_gt_10pct
SVRA,0.0,2.72,2.72,-0.03299623394087243,2019-09-06,2020-02-19,dd_gt_10pct
BLDP,0.0,14.14,14.14,-0.17153189261909416,2019-09-06,2020-02-19,dd_gt_10pct
CYTK,0.0,15.725,15.725,-0.1907594774706687,2019-09-06,2020-02-19,dd_gt_10pct
SGRY,0.0,19.0,19.0,-0.23048839885168237,2019-09-06,2020-02-19,dd_gt_10pct
ACMR,0.0,2714.56,2714.56,-32.93024147299068,2019-09-06,2020-02-19,dd_gt_10pct
KOD,0.0,5151.4,5151.4,-62.491470412871394,2019-09-06,2020-02-19,dd_gt_10pct
SLNO,0.0,5169.58,5169.58,-62.71201141766738,2019-09-06,2020-02-19,dd_gt_10pct
AXSM,0.0,5344.700000000001,5344.700000000001,-64.83638659697827,2019-09-06,2020-02-19,dd_gt_10pct
ARVN,0.0,5594.6,5594.6,-67.86791559029591,2019-09-06,2020-02-19,dd_gt_10pct
FULC,0.0,5638.320000000001,5638.320000000001,-68.398281527022,2019-09-06,2020-02-19,dd_gt_10pct
AKBA,0.0,5678.34,5678.34,-68.8837628808138,2019-09-06,2020-02-19,dd_gt_10pct
AUPH,0.0,5708.55,5708.55,-69.25023943498798,2019-09-06,2020-02-19,dd_gt_10pct
ABUS,0.0,6088.74,6088.74,-73.86231229601013,2019-09-06,2020-02-19,dd_gt_10pct
KNSA,0.0,6244.920000000001,6244.920000000001,-75.75692693457098,2019-09-06,2020-02-19,dd_gt_10pct
TGTX,0.0,6316.05,6316.05,-76.6198027140615,2019-09-06,2020-02-19,dd_gt_10pct
CCXI,0.0,6618.120000000001,6618.120000000001,-80.28420432675244,2019-09-06,2020-02-19,dd_gt_10pct
BE,0.0,8383.55,8383.55,-101.70057979963272,2019-09-06,2020-02-19,dd_gt_10pct
FCEL,0.0,8473.23,8473.23,-102.78848504221267,2019-09-06,2020-02-19,dd_gt_10pct
FCEL,7653.24,0.0,-7653.24,-49.28182032436244,2020-02-21,2020-05-19,dd_gt_10pct
BE,7009.099999999999,0.0,-7009.099999999999,-45.13398336331916,2020-02-21,2020-05-19,dd_gt_10pct
KNSA,6556.14,0.0,-6556.14,-42.217219569929284,2020-02-21,2020-05-19,dd_gt_10pct
CCXI,6401.969999999999,0.0,-6401.969999999999,-41.224466404027396,2020-02-21,2020-05-19,dd_gt_10pct
FULC,6304.16,0.0,-6304.16,-40.59463448370007,2020-02-21,2020-05-19,dd_gt_10pct
TGTX,6169.9,0.0,-6169.9,-39.73008859245023,2020-02-21,2020-05-19,dd_gt_10pct
ABUS,6051.5,0.0,-6051.5,-38.96767064574995,2020-02-21,2020-05-19,dd_gt_10pct
AKBA,5947.900000000001,0.0,-5947.900000000001,-38.3005549423872,2020-02-21,2020-05-19,dd_gt_10pct
AUPH,5805.450000000001,0.0,-5805.450000000001,-37.383270850263415,2020-02-21,2020-05-19,dd_gt_10pct
ARVN,5551.7,0.0,-5551.7,-35.749288130878284,2020-02-21,2020-05-19,dd_gt_10pct
AXSM,5285.54,0.0,-5285.54,-34.0353931925865,2020-02-21,2020-05-19,dd_gt_10pct
KOD,5012.08,0.0,-5012.08,-32.27449106670253,2020-02-21,2020-05-19,dd_gt_10pct
SLNO,4893.46,0.0,-4893.46,-31.510656465033716,2020-02-21,2020-05-19,dd_gt_10pct
ACMR,2632.96,0.0,-2632.96,-16.9545266633783,2020-02-21,2020-05-19,dd_gt_10pct
SGRY,18.56,0.0,-18.56,-0.11951416461788299,2020-02-21,2020-05-19,dd_gt_10pct
CYTK,15.28,0.0,-15.28,-0.09839312690523988,2020-02-21,2020-05-19,dd_gt_10pct
BLDP,13.14,0.0,-13.14,-0.08461293766589346,2020-02-21,2020-05-19,dd_gt_10pct
SVRA,2.67,0.0,-2.67,-0.01719303984535278,2020-02-21,2020-05-19,dd_gt_10pct
AREC,0.0,0.9,0.9,0.005795406689444758,2020-02-21,2020-05-19,dd_gt_10pct
RRC,0.0,23.56,23.56,0.15171086844813164,2020-02-21,2020-05-19,dd_gt_10pct
QGEN,0.0,42.25,42.25,0.27206214736560114,2020-02-21,2020-05-19,dd_gt_10pct
GOLD,0.0,56.2,56.2,0.36189095105199487,2020-02-21,2020-05-19,dd_gt_10pct
FIVN,0.0,1557.0,1557.0,10.02605357273943,2020-02-21,2020-05-19,dd_gt_10pct
CAPR,0.0,3699.0000000000005,3699.0000000000005,23.819121493617956,2020-02-21,2020-05-19,dd_gt_10pct
ELA,0.0,4011.1200000000003,4011.1200000000003,25.8289685335174,2020-02-21,2020-05-19,dd_gt_10pct
VIRT,0.0,4440.09,4440.09,28.59125254192975,2020-02-21,2020-05-19,dd_gt_10pct
MASI,0.0,4920.400000000001,4920.400000000001,31.684132305271103,2020-02-21,2020-05-19,dd_gt_10pct
BAND,0.0,5013.9,5013.9,32.28621066689674,2020-02-21,2020-05-19,dd_gt_10pct
SFM,0.0,5034.7,5034.7,32.42014895483058,2020-02-21,2020-05-19,dd_gt_10pct
WPM,0.0,5137.0,5137.0,33.078893515197464,2020-02-21,2020-05-19,dd_gt_10pct
TDOC,0.0,5445.46,5445.46,35.065172567893164,2020-02-21,2020-05-19,dd_gt_10pct
SMMT,0.0,5508.84,5508.84,35.4732979856454,2020-02-21,2020-05-19,dd_gt_10pct
LPTH,0.0,5553.08,5553.08,35.758174421135436,2020-02-21,2020-05-19,dd_gt_10pct
RCUS,0.0,5579.26,5579.26,35.92675636239062,2020-02-21,2020-05-19,dd_gt_10pct
WMK,0.0,5738.13,5738.13,36.94977442989294,2020-02-21,2020-05-19,dd_gt_10pct
ZM,0.0,6078.8,6078.8,39.143464648663105,2020-02-21,2020-05-19,dd_gt_10pct
FVRR,0.0,6583.2,6583.2,42.39146813105859,2020-02-21,2020-05-19,dd_gt_10pct
QDEL,0.0,7069.900000000001,7069.900000000001,45.525495281895,2020-02-21,2020-05-19,dd_gt_10pct
NVAX,0.0,15361.5,15361.5,98.91793317767294,2020-02-21,2020-05-19,dd_gt_10pct
NVAX,6559.17,6031.24,-527.9300000000003,-23.62092339631595,2020-05-21,2020-05-29,dd_gt_10pct
QDEL,6685.9,6475.0,-210.89999999999964,-9.436199390606753,2020-05-21,2020-05-29,dd_gt_10pct
KOPN,5446.4400000000005,5244.72,-201.72000000000025,-9.025462973320055,2020-05-21,2020-05-29,dd_gt_10pct
WPM,4907.1,4730.0,-177.10000000000036,-7.923901906479195,2020-05-21,2020-05-29,dd_gt_10pct
PTON,2038.4999999999998,1898.55,-139.94999999999982,-6.261716949812307,2020-05-21,2020-05-29,dd_gt_10pct
SMMT,6521.96,6395.32,-126.64000000000033,-5.666193887275695,2020-05-21,2020-05-29,dd_gt_10pct
MASI,4852.4,4803.8,-48.599999999999454,-2.1744869150473387,2020-05-21,2020-05-29,dd_gt_10pct
WMK,5783.45,5740.19,-43.26000000000022,-1.9355618095668603,2020-05-21,2020-05-29,dd_gt_10pct
RCUS,36.34,31.35,-4.990000000000002,-0.22326522028984253,2020-05-21,2020-05-29,dd_gt_10pct
TDOC,174.99,174.06,-0.9300000000000068,-0.04161055207806714,2020-05-21,2020-05-29,dd_gt_10pct
ELA,3.53,3.59,0.06000000000000005,0.0026845517469720557,2020-05-21,2020-05-29,dd_gt_10pct
RRC,23.08,23.96,0.8800000000000026,0.0393734256222569,2020-05-21,2020-05-29,dd_gt_10pct
AREC,5.4,6.42,1.0199999999999996,0.04563737969852489,2020-05-21,2020-05-29,dd_gt_10pct
UNFI,17.44,19.6,2.16,0.09664386289099393,2020-05-21,2020-05-29,dd_gt_10pct
VIRT,42.44,47.7,5.260000000000005,0.2353457031512169,2020-05-21,2020-05-29,dd_gt_10pct
FIVN,1550.1000000000001,1563.0,12.899999999999864,0.5771786255989854,2020-05-21,2020-05-29,dd_gt_10pct
BAND,4855.05,4988.25,133.19999999999982,5.959704878277951,2020-05-21,2020-05-29,dd_gt_10pct
ZM,6021.05,6281.799999999999,260.7499999999991,11.66661446704934,2020-05-21,2020-05-29,dd_gt_10pct
FVRR,6335.68,6772.4800000000005,436.8000000000002,19.54353671795656,2020-05-21,2020-05-29,dd_gt_10pct
ALT,5441.6,8305.599999999999,2863.999999999998,128.14260338879927,2020-05-21,2020-05-29,dd_gt_10pct
ALT,6757.25,0.0,-6757.25,-47.681731805297495,2020-06-04,2020-06-08,dd_gt_10pct
QDEL,5804.929999999999,156.32,-5648.61,-39.858745361311406,2020-06-04,2020-06-08,dd_gt_10pct
WMK,5443.55,49.7,-5393.85,-38.061061689001285,2020-06-04,2020-06-08,dd_gt_10pct
MASI,4372.200000000001,0.0,-4372.200000000001,-30.851909844851345,2020-06-04,2020-06-08,dd_gt_10pct
WPM,4286.7,0.0,-4286.7,-30.24858925299031,2020-06-04,2020-06-08,dd_gt_10pct
FIVN,1420.8,96.99,-1323.81,-9.34130798493039,2020-06-04,2020-06-08,dd_gt_10pct
FVRR,6996.08,6129.18,-866.8999999999996,-6.1171768547874334,2020-06-04,2020-06-08,dd_gt_10pct
ZM,7362.25,6714.56,-647.6899999999996,-4.570347533830051,2020-06-04,2020-06-08,dd_gt_10pct
SMMT,5762.12,5271.39,-490.72999999999956,-3.462777942034647,2020-06-04,2020-06-08,dd_gt_10pct
TDOC,157.15,0.0,-157.15,-1.108910304221762,2020-06-04,2020-06-08,dd_gt_10pct
PTON,2154.6,2015.1000000000001,-139.49999999999977,-0.9843651761943083,2020-06-04,2020-06-08,dd_gt_10pct
BAND,5103.0,5045.400000000001,-57.599999999999454,-0.4064475566221628,2020-06-04,2020-06-08,dd_gt_10pct
VIRT,44.96,0.0,-44.96,-0.3172548983634135,2020-06-04,2020-06-08,dd_gt_10pct
RCUS,30.05,0.0,-30.05,-0.21204425480027966,2020-06-04,2020-06-08,dd_gt_10pct
AREC,6.66,0.0,-6.66,-0.04699549873443802,2020-06-04,2020-06-08,dd_gt_10pct
ELA,3.97,0.0,-3.97,-0.028013833329687533,2020-06-04,2020-06-08,dd_gt_10pct
CAPR,0.0,4.67,4.67,0.03295330016363747,2020-06-04,2020-06-08,dd_gt_10pct
NVAX,5850.459999999999,5867.49,17.030000000000655,0.12017017168881536,2020-06-04,2020-06-08,dd_gt_10pct
KOPN,6051.599999999999,6354.18,302.58000000000084,2.1351198208808255,2020-06-04,2020-06-08,dd_gt_10pct
VMD,0.0,4131.16,4131.16,29.151039722486633,2020-06-04,2020-06-08,dd_gt_10pct
THM,0.0,5255.76,5255.76,37.086646010286785,2020-06-04,2020-06-08,dd_gt_10pct
W,0.0,5455.6900000000005,5455.6900000000005,38.497428301874805,2020-06-04,2020-06-08,dd_gt_10pct
NAK,0.0,5516.28,5516.28,38.92497443825913,2020-06-04,2020-06-08,dd_gt_10pct
ZS,0.0,5547.96,5547.96,39.14852059440131,2020-06-04,2020-06-08,dd_gt_10pct
FSLY,0.0,5704.8,5704.8,40.25524342045376,2020-06-04,2020-06-08,dd_gt_10pct
UNFI,20.75,5901.21,5880.46,41.49476734052754,2020-06-04,2020-06-08,dd_gt_10pct
RRC,25.88,6608.69,6582.8099999999995,46.45081667027717,2020-06-04,2020-06-08,dd_gt_10pct
WMK,47.88,47.19,-0.6900000000000048,-0.009896439071898815,2020-06-11,2020-06-15,dd_gt_10pct
CAPR,4.37,4.7,0.33000000000000007,0.004733079556125488,2020-06-11,2020-06-15,dd_gt_10pct
FIVN,101.22,103.58,2.3599999999999994,0.03384869015895802,2020-06-11,2020-06-15,dd_gt_10pct
QDEL,158.37,203.44,45.06999999999999,0.6464239260441687,2020-06-11,2020-06-15,dd_gt_10pct
SMMT,5445.5199999999995,5540.5,94.98000000000047,1.3622663522448515,2020-06-11,2020-06-15,dd_gt_10pct
ZS,5544.72,5644.08,99.35999999999967,1.4250872263534147,2020-06-11,2020-06-15,dd_gt_10pct
PTON,2069.1,2247.2999999999997,178.19999999999982,2.5558629603077603,2020-06-11,2020-06-15,dd_gt_10pct
BAND,5270.849999999999,5506.2,235.35000000000036,3.3755462834367727,2020-06-11,2020-06-15,dd_gt_10pct
THM,4865.455199999999,5212.68,347.22480000000087,4.980129097756865,2020-06-11,2020-06-15,dd_gt_10pct
VMD,3964.2899999999995,4316.07,351.7800000000002,5.0454628068297716,2020-06-11,2020-06-15,dd_gt_10pct
FVRR,6150.599999999999,6524.94,374.34000000000015,5.369033336484896,2020-06-11,2020-06-15,dd_gt_10pct
RRC,5151.98,5555.25,403.27000000000044,5.783966644238568,2020-06-11,2020-06-15,dd_gt_10pct
W,5539.7,5988.89,449.1900000000005,6.442581835806091,2020-06-11,2020-06-15,dd_gt_10pct
UNFI,3834.0899999999997,4301.28,467.19000000000005,6.700749811594747,2020-06-11,2020-06-15,dd_gt_10pct
ZM,7106.24,7648.64,542.4000000000005,7.779461670431717,2020-06-11,2020-06-15,dd_gt_10pct
NAK,5822.740000000001,6435.66,612.9199999999992,8.790906428910393,2020-06-11,2020-06-15,dd_gt_10pct
FSLY,5498.4,6237.599999999999,739.1999999999998,10.602098205721088,2020-06-11,2020-06-15,dd_gt_10pct
NVAX,5820.33,6690.17,869.8400000000001,12.475824003333921,2020-06-11,2020-06-15,dd_gt_10pct
KOPN,6001.17,7161.0599999999995,1159.8899999999994,16.635914079861784,2020-06-11,2020-06-15,dd_gt_10pct
EXPI,7919.03,0.0,-7919.03,130.1208283731015,2020-09-03,2020-09-09,dd_gt_10pct
PBI,7079.160000000001,6533.56,-545.6000000000004,8.96497727125219,2020-09-03,2020-09-09,dd_gt_10pct
SITM,8211.710000000001,7732.590000000001,-479.1199999999999,7.872617137467641,2020-09-03,2020-09-09,dd_gt_10pct
BXC,7757.679999999999,7283.36,-474.3199999999997,7.793746369685362,2020-09-03,2020-09-09,dd_gt_10pct
EVH,7125.3,6994.8,-130.5,2.1442989990806636,2020-09-03,2020-09-09,dd_gt_10pct
CYRX,7423.650000000001,7357.5,-66.15000000000055,1.0869377684995176,2020-09-03,2020-09-09,dd_gt_10pct
ALT,13.41,12.54,-0.870000000000001,0.014295326660537773,2020-09-03,2020-09-09,dd_gt_10pct
REZI,13.22,12.85,-0.370000000000001,0.006079621683217223,2020-09-03,2020-09-09,dd_gt_10pct
MARA,2.095,1.97,-0.12500000000000022,0.002053926244330141,2020-09-03,2020-09-09,dd_gt_10pct
LINC,6.65,6.85,0.1999999999999993,-0.0032862819909282082,2020-09-03,2020-09-09,dd_gt_10pct
LAD,4430.34,4460.22,29.88000000000011,-0.4909705294446778,2020-09-03,2020-09-09,dd_gt_10pct
NFE,480.25,604.69,124.44000000000005,-2.044724654755539,2020-09-03,2020-09-09,dd_gt_10pct
SOHU,6736.92,6904.32,167.39999999999964,-2.7506180264069138,2020-09-03,2020-09-09,dd_gt_10pct
EXK,7277.849999999999,7493.49,215.64000000000033,-3.543269242618812,2020-09-03,2020-09-09,dd_gt_10pct
APPS,7453.08,7746.63,293.5500000000002,-4.823440392184898,2020-09-03,2020-09-09,dd_gt_10pct
PLUG,7311.150000000001,7678.290000000001,367.1400000000003,-6.032627850746938,2020-09-03,2020-09-09,dd_gt_10pct
CLDX,8027.219999999999,8464.94,437.72000000000116,-7.1923567653455205,2020-09-03,2020-09-09,dd_gt_10pct
CLSK,6987.0,7537.74,550.7399999999998,-9.049434718419034,2020-09-03,2020-09-09,dd_gt_10pct
RUN,8132.849999999999,8783.16,650.3100000000004,-10.68551020760266,2020-09-03,2020-09-09,dd_gt_10pct
CELH,7511.92,8205.08,693.1599999999999,-11.389596124159022,2020-09-03,2020-09-09,dd_gt_10pct
EXK,5786.34,3.41,-5782.93,63.97701092202466,2020-09-23,2020-09-25,dd_gt_10pct
TGB,4971.22,0.99,-4970.2300000000005,54.986046691724546,2020-09-23,2020-09-25,dd_gt_10pct
APPS,10095.03,9387.42,-707.6100000000006,7.828345267629714,2020-09-23,2020-09-25,dd_gt_10pct
PLUG,7643.474999999999,7374.45,-269.02499999999964,2.97624480381012,2020-09-23,2020-09-25,dd_gt_10pct
LWAY,5293.400000000001,5183.95,-109.45000000000073,1.2108539867187817,2020-09-23,2020-09-25,dd_gt_10pct
SOHU,17.36,17.06,-0.3000000000000007,0.0033189236730528367,2020-09-23,2020-09-25,dd_gt_10pct
CLDX,48.92,51.2,2.280000000000001,-0.02522381991520151,2020-09-23,2020-09-25,dd_gt_10pct
FTK,5409.16,5489.0,79.84000000000015,-0.8832762201884611,2020-09-23,2020-09-25,dd_gt_10pct
EVH,6237.9,6326.639999999999,88.73999999999978,-0.9817376224890243,2020-09-23,2020-09-25,dd_gt_10pct
CELH,7842.38,7963.280000000001,120.90000000000055,-1.337526240240296,2020-09-23,2020-09-25,dd_gt_10pct
CLSK,9469.44,9658.5,189.0599999999995,-2.091585698757887,2020-09-23,2020-09-25,dd_gt_10pct
CYRX,6164.099999999999,6396.3,232.20000000000073,-2.5688469229428974,2020-09-23,2020-09-25,dd_gt_10pct
GOGO,6692.28,6931.29,239.01000000000022,-2.644186490321191,2020-09-23,2020-09-25,dd_gt_10pct
EXPI,6556.08,6973.8,417.72000000000025,-4.621269322358761,2020-09-23,2020-09-25,dd_gt_10pct
RUN,9011.119999999999,9703.16,692.0400000000009,-7.6560931289982745,2020-09-23,2020-09-25,dd_gt_10pct
NFE,8444.08,9182.759999999998,738.6799999999985,-8.17207512936886,2020-09-23,2020-09-25,dd_gt_10pct
NFE,8327.11,37.68,-8289.43,25.27054912807562,2020-10-28,2020-11-05,dd_gt_10pct
BBBY,7785.900000000001,0.0,-7785.900000000001,23.73552445177581,2020-10-28,2020-11-05,dd_gt_10pct
KOD,7477.08,0.0,-7477.08,22.794078419692504,2020-10-28,2020-11-05,dd_gt_10pct
PBI,7396.8,0.0,-7396.8,22.549342691903995,2020-10-28,2020-11-05,dd_gt_10pct
NVCR,7384.96,122.19,-7262.77,22.140748651103124,2020-10-28,2020-11-05,dd_gt_10pct
PINS,2659.5,1777.1599999999999,-882.3400000000001,2.6898370958758617,2020-10-28,2020-11-05,dd_gt_10pct
GME,7127.46,6904.349999999999,-223.11000000000058,0.680156804022106,2020-10-28,2020-11-05,dd_gt_10pct
PACB,8773.16,8635.0,-138.15999999999985,0.42118445629372875,2020-10-28,2020-11-05,dd_gt_10pct
SIG,7202.700000000001,7072.84,-129.86000000000058,0.39588168423786857,2020-10-28,2020-11-05,dd_gt_10pct
FTK,2.4,2.61,0.20999999999999996,-0.0006401906182808563,2020-10-28,2020-11-05,dd_gt_10pct
CLSK,7.21,9.3,2.0900000000000007,-0.006371420915271383,2020-10-28,2020-11-05,dd_gt_10pct
LMB,7351.96,7529.830000000001,177.8700000000008,-0.5422414536838879,2020-10-28,2020-11-05,dd_gt_10pct
GOGO,7395.349999999999,7717.9800000000005,322.630000000001,-0.9835461865521589,2020-10-28,2020-11-05,dd_gt_10pct
EXPI,7581.22,8057.639999999999,476.41999999999916,-1.4523791160065005,2020-10-28,2020-11-05,dd_gt_10pct
DAC,8064.37,8666.61,602.2400000000007,-1.8359447521593495,2020-10-28,2020-11-05,dd_gt_10pct
KURA,7418.1,8276.04,857.9400000000005,-2.6154530430851346,2020-10-28,2020-11-05,dd_gt_10pct
LOB,7502.94,8924.25,1421.3100000000004,-4.332901560327449,2020-10-28,2020-11-05,dd_gt_10pct
APPS,7417.41,10339.42,2922.01,-8.907825659632596,2020-10-28,2020-11-05,dd_gt_10pct
SI,19080.600000000002,0.0,-19080.600000000002,-194.80276839924758,2021-02-23,2021-03-12,dd_gt_10pct
MGNI,19031.92,0.0,-19031.92,-194.3057715141561,2021-02-23,2021-03-12,dd_gt_10pct
GSM,16880.25,0.0,-16880.25,-172.33836626056825,2021-02-23,2021-03-12,dd_gt_10pct
DDD,16863.0,0.0,-16863.0,-172.16225294364492,2021-02-23,2021-03-12,dd_gt_10pct
CLNE,16878.78,29.74,-16849.039999999997,-172.0197287752826,2021-02-23,2021-03-12,dd_gt_10pct
MSTR,16589.52,0.0,-16589.52,-169.37016773134414,2021-02-23,2021-03-12,dd_gt_10pct
AREC,12552.68,0.0,-12552.68,-128.156180352288,2021-02-23,2021-03-12,dd_gt_10pct
TIGR,20257.52,19870.379999999997,-387.14000000000306,-3.9524933051416253,2021-02-23,2021-03-12,dd_gt_10pct
GSAT,16880.36,16631.3,-249.0600000000013,-2.5427700123432624,2021-02-23,2021-03-12,dd_gt_10pct
CLPT,24.16,0.0,-24.16,-0.24666073836911948,2021-02-23,2021-03-12,dd_gt_10pct
DNN,1.1,0.0,-1.1,-0.0112304144125013,2021-02-23,2021-03-12,dd_gt_10pct
SB,0.0,5.72,5.72,0.05839815494500675,2021-02-23,2021-03-12,dd_gt_10pct
LXRX,15073.44,16000.23,926.789999999999,9.462032521238244,2021-02-23,2021-03-12,dd_gt_10pct
GEVO,16878.960000000003,18977.899999999998,2098.939999999995,21.42906002452311,2021-02-23,2021-03-12,dd_gt_10pct
OCGN,16879.35,19650.0,2770.6500000000015,28.286861538178854,2021-02-23,2021-03-12,dd_gt_10pct
MARA,18821.04,21855.9,3034.8600000000006,30.98430498538518,2021-02-23,2021-03-12,dd_gt_10pct
ACRS,16879.06,20243.63,3364.5699999999997,34.35046856351772,2021-02-23,2021-03-12,dd_gt_10pct
KOPN,16878.96,20525.399999999998,3646.4399999999987,37.228211209382934,2021-02-23,2021-03-12,dd_gt_10pct
TTI,16878.780000000002,20699.079999999998,3820.2999999999956,39.00322925461697,2021-02-23,2021-03-12,dd_gt_10pct
RIOT,16836.0,21669.45,4833.450000000001,49.3469514019131,2021-02-23,2021-03-12,dd_gt_10pct
CTRN,0.0,10135.199999999999,10135.199999999999,103.47499650325742,2021-02-23,2021-03-12,dd_gt_10pct
GME,0.0,17457.0,17457.0,178.22667672639562,2021-02-23,2021-03-12,dd_gt_10pct
ORGO,0.0,18606.0,18606.0,189.95735505363564,2021-02-23,2021-03-12,dd_gt_10pct
DAC,0.0,18805.62,18805.62,191.99536898547515,2021-02-23,2021-03-12,dd_gt_10pct
REI,0.0,19370.239999999998,19370.239999999998,197.75983860873558,2021-02-23,2021-03-12,dd_gt_10pct
SM,0.0,19427.52,19427.52,198.3446369155975,2021-02-23,2021-03-12,dd_gt_10pct
MARA,20599.32,0.0,-20599.32,979.5253424885497,2021-03-16,2021-05-27,dd_gt_10pct
TTI,20143.399999999998,0.0,-20143.399999999998,957.8457339312097,2021-03-16,2021-05-27,dd_gt_10pct
RIOT,19658.1,0.0,-19658.1,934.7690668999828,2021-03-16,2021-05-27,dd_gt_10pct
REI,19566.56,0.0,-19566.56,930.4162169102066,2021-03-16,2021-05-27,dd_gt_10pct
DAC,19231.14,63.13,-19168.01,911.4646289330882,2021-03-16,2021-05-27,dd_gt_10pct
ACRS,19079.280000000002,0.0,-19079.280000000002,907.2453982187245,2021-03-16,2021-05-27,dd_gt_10pct
SM,19026.21,0.0,-19026.21,904.7218484158246,2021-03-16,2021-05-27,dd_gt_10pct
KOPN,18767.7,0.0,-18767.7,892.4293505912989,2021-03-16,2021-05-27,dd_gt_10pct
OCGN,17940.45,0.0,-17940.45,853.0925016286315,2021-03-16,2021-05-27,dd_gt_10pct
ORGO,17913.0,0.0,-17913.0,851.7872172478212,2021-03-16,2021-05-27,dd_gt_10pct
TIGR,17802.989999999998,0.0,-17802.989999999998,846.5560939424322,2021-03-16,2021-05-27,dd_gt_10pct
GEVO,17286.8,0.0,-17286.8,822.0105659085377,2021-03-16,2021-05-27,dd_gt_10pct
GSAT,16734.600000000002,0.0,-16734.600000000002,795.752713992932,2021-03-16,2021-05-27,dd_gt_10pct
LXRX,15511.140000000001,0.0,-15511.140000000001,737.5755471970842,2021-03-16,2021-05-27,dd_gt_10pct
CTRN,10887.6,86.45,-10801.15,513.6091945277901,2021-03-16,2021-05-27,dd_gt_10pct
CLNE,29.93,0.0,-29.93,1.4232117128469428,2021-03-16,2021-05-27,dd_gt_10pct
SB,5.38,0.0,-5.38,0.25582622837008195,2021-03-16,2021-05-27,dd_gt_10pct
ANF,0.0,43.9,43.9,-2.087503982425018,2021-03-16,2021-05-27,dd_gt_10pct
OLN,0.0,147.72,147.72,-7.024284471157715,2021-03-16,2021-05-27,dd_gt_10pct
DDS,0.0,7190.639999999999,7190.639999999999,-341.92459307937656,2021-03-16,2021-05-27,dd_gt_10pct
GME,13739.22,23888.22,10149.000000000002,-482.59858582304133,2021-03-16,2021-05-27,dd_gt_10pct
GNK,0.0,15874.6,15874.6,-754.8585585285693,2021-03-16,2021-05-27,dd_gt_10pct
SFBS,0.0,16383.81,16383.81,-779.0721781843926,2021-03-16,2021-05-27,dd_gt_10pct
CAR,0.0,16625.7,16625.7,-790.5743726788982,2021-03-16,2021-05-27,dd_gt_10pct
IMO,0.0,16875.76,16875.76,-802.4650616503149,2021-03-16,2021-05-27,dd_gt_10pct
MVBF,0.0,17005.379999999997,17005.379999999997,-808.6286668029784,2021-03-16,2021-05-27,dd_gt_10pct
MTW,0.0,17160.920000000002,17160.920000000002,-816.0248027808005,2021-03-16,2021-05-27,dd_gt_10pct
GDEN,0.0,17232.75,17232.75,-819.440415788946,2021-03-16,2021-05-27,dd_gt_10pct
AA,0.0,17281.43,17281.43,-821.7552151936034,2021-03-16,2021-05-27,dd_gt_10pct
NEWT,0.0,17544.9,17544.9,-834.2835676822028,2021-03-16,2021-05-27,dd_gt_10pct
UAN,0.0,20360.48,20360.48,-968.168179591912,2021-03-16,2021-05-27,dd_gt_10pct
HOV,0.0,21016.699999999997,21016.699999999997,-999.3723222649629,2021-03-16,2021-05-27,dd_gt_10pct
TGLS,0.0,23409.98,23409.98,-1113.1760017879276,2021-03-16,2021-05-27,dd_gt_10pct
AMC,0.0,33627.36,33627.36,-1599.0261484838215,2021-03-16,2021-05-27,dd_gt_10pct
RNGR,18586.6,0.0,-18586.6,59.868053600567414,2021-07-16,2021-07-20,dd_gt_10pct
TEN,16272.359999999999,16.96,-16255.4,52.35918126492547,2021-07-16,2021-07-20,dd_gt_10pct
GNK,18286.62,13838.000000000002,-4448.619999999997,14.329152217649064,2021-07-16,2021-07-20,dd_gt_10pct
PRTA,19666.7,19134.02,-532.6800000000003,1.7157799055206586,2021-07-16,2021-07-20,dd_gt_10pct
AMR,18773.14,18251.88,-521.2599999999984,1.6789957076513016,2021-07-16,2021-07-20,dd_gt_10pct
DDS,18738.0,18426.96,-311.0400000000009,1.001870131811119,2021-07-16,2021-07-20,dd_gt_10pct
PDS,34.69,32.54,-2.1499999999999986,0.006925221140026679,2021-07-16,2021-07-20,dd_gt_10pct
RRC,14.87,14.78,-0.08999999999999986,0.0002898929779546049,2021-07-16,2021-07-20,dd_gt_10pct
FLNG,13.39,13.42,0.02999999999999936,-9.663099265153306e-05,2021-07-16,2021-07-20,dd_gt_10pct
GSM,10.1,10.4,0.3000000000000007,-0.0009663099265153535,2021-07-16,2021-07-20,dd_gt_10pct
ESEA,18.19,18.51,0.3200000000000003,-0.0010307305882830422,2021-07-16,2021-07-20,dd_gt_10pct
BBW,18772.75,18871.23,98.47999999999956,-0.3172073385441046,2021-07-16,2021-07-20,dd_gt_10pct
IDT,18593.260000000002,19047.559999999998,454.29999999999563,-1.4633153320530663,2021-07-16,2021-07-20,dd_gt_10pct
ASPN,18579.0,19333.420000000002,754.4200000000019,-2.430011782539044,2021-07-16,2021-07-20,dd_gt_10pct
CLDX,12273.28,13121.900000000001,848.6200000000008,-2.7334330994648606,2021-07-16,2021-07-20,dd_gt_10pct
PTGX,17961.44,18972.8,1011.3600000000006,-3.2576240242685537,2021-07-16,2021-07-20,dd_gt_10pct
BTU,22315.02,23339.82,1024.7999999999993,-3.300914708976438,2021-07-16,2021-07-20,dd_gt_10pct
ASAN,21573.36,22675.6,1102.239999999998,-3.5503515113409296,2021-07-16,2021-07-20,dd_gt_10pct
AMC,18563.760000000002,22880.79,4317.029999999999,-13.905296473548553,2021-07-16,2021-07-20,dd_gt_10pct
SI,25709.640000000003,0.0,-25709.640000000003,32.85703386162203,2021-11-22,2021-11-29,dd_gt_10pct
DOCN,25705.0,0.0,-25705.0,32.851103921058176,2021-11-22,2021-11-29,dd_gt_10pct
NET,25170.75,191.09,-24979.66,31.924116186450107,2021-11-22,2021-11-29,dd_gt_10pct
ASAN,10184.64,108.91,-10075.73,12.87682759426273,2021-11-22,2021-11-29,dd_gt_10pct
CCXI,28081.68,26789.399999999998,-1292.2800000000025,1.6515395672089144,2021-11-22,2021-11-29,dd_gt_10pct
PBT,25735.44,25107.079999999998,-628.3600000000006,0.8030468648059185,2021-11-22,2021-11-29,dd_gt_10pct
LEU,25734.149999999998,25178.05,-556.0999999999985,0.71069826455944,2021-11-22,2021-11-29,dd_gt_10pct
WFRD,26219.4,25863.399999999998,-356.00000000000364,0.45496957774350627,2021-11-22,2021-11-29,dd_gt_10pct
AUPH,19.65,0.0,-19.65,0.025112787086123054,2021-11-22,2021-11-29,dd_gt_10pct
TVTX,29.39,28.47,-0.9200000000000017,0.0011757640773146694,2021-11-22,2021-11-29,dd_gt_10pct
SM,30.4,30.2,-0.1999999999999993,0.00025560088637275284,2021-11-22,2021-11-29,dd_gt_10pct
HUT,12.41,12.75,0.33999999999999986,-0.0004345215068336812,2021-11-22,2021-11-29,dd_gt_10pct
AFRM,123.51,132.15,8.64,-0.011041958291302962,2021-11-22,2021-11-29,dd_gt_10pct
AMBA,25567.530000000002,25640.85,73.31999999999607,-0.0937032849442465,2021-11-22,2021-11-29,dd_gt_10pct
CAR,25937.600000000002,26243.760000000002,306.15999999999985,-0.39127383685941125,2021-11-22,2021-11-29,dd_gt_10pct
AEHR,26165.04,26586.12,421.0799999999981,-0.5381421061691933,2021-11-22,2021-11-29,dd_gt_10pct
ENVX,25719.36,26218.48,499.119999999999,-0.6378775720318429,2021-11-22,2021-11-29,dd_gt_10pct
LCID,25713.359999999997,27695.18,1981.8200000000033,-2.5327747431562586,2021-11-22,2021-11-29,dd_gt_10pct
CLMT,25733.6,28053.010000000002,2319.4100000000035,-2.9642162593091483,2021-11-22,2021-11-29,dd_gt_10pct
REAX,25740.45,28127.97,2387.5200000000004,-3.0512611411633856,2021-11-22,2021-11-29,dd_gt_10pct
LAC,25715.739999999998,28794.88,3079.140000000003,-3.9351545663290084,2021-11-22,2021-11-29,dd_gt_10pct
REAX,28053.359999999997,0.0,-28053.359999999997,-52.315557995619834,2021-11-30,2022-04-14,dd_gt_10pct
LAC,27634.93,0.0,-27634.93,-51.53524508721573,2021-11-30,2022-04-14,dd_gt_10pct
LCID,26648.94,0.0,-26648.94,-49.69651286305074,2021-11-30,2022-04-14,dd_gt_10pct
CCXI,26339.280000000002,0.0,-26339.280000000002,-49.11904065690776,2021-11-30,2022-04-14,dd_gt_10pct
ENVX,25690.0,0.0,-25690.0,-47.90822507205816,2021-11-30,2022-04-14,dd_gt_10pct
WFRD,25587.5,0.0,-25587.5,-47.71707703508323,2021-11-30,2022-04-14,dd_gt_10pct
AMBA,25312.32,0.0,-25312.32,-47.2039051637197,2021-11-30,2022-04-14,dd_gt_10pct
AEHR,25293.840000000004,0.0,-25293.840000000004,-47.1694425712973,2021-11-30,2022-04-14,dd_gt_10pct
CLMT,25022.539999999997,0.0,-25022.539999999997,-46.66350635245535,2021-11-30,2022-04-14,dd_gt_10pct
PBT,24806.56,0.0,-24806.56,-46.26073412781297,2021-11-30,2022-04-14,dd_gt_10pct
CAR,23614.739999999998,0.0,-23614.739999999998,-44.03815799681334,2021-11-30,2022-04-14,dd_gt_10pct
LEU,23028.350000000002,0.0,-23028.350000000002,-42.944623388015984,2021-11-30,2022-04-14,dd_gt_10pct
NET,188.24,0.0,-188.24,-0.351041038830838,2021-11-30,2022-04-14,dd_gt_10pct
AFRM,126.68,0.0,-126.68,-0.23624032511204077,2021-11-30,2022-04-14,dd_gt_10pct
ASAN,103.95,0.0,-103.95,-0.19385208237603915,2021-11-30,2022-04-14,dd_gt_10pct
SM,29.0,0.0,-29.0,-0.05408090802217542,2021-11-30,2022-04-14,dd_gt_10pct
TVTX,28.55,0.0,-28.55,-0.05324172151838305,2021-11-30,2022-04-14,dd_gt_10pct
HUT,12.05,0.0,-12.05,-0.022471549712662547,2021-11-30,2022-04-14,dd_gt_10pct
TH,0.0,5.87,5.87,0.010946721727247232,2021-11-30,2022-04-14,dd_gt_10pct
EOLS,0.0,11.28,11.28,0.021035608361728922,2021-11-30,2022-04-14,dd_gt_10pct
VET,0.0,21.79,21.79,0.040635275372524225,2021-11-30,2022-04-14,dd_gt_10pct
CNQ,0.0,65.78,65.78,0.1226704182654724,2021-11-30,2022-04-14,dd_gt_10pct
EGY,0.0,19883.8,19883.8,37.08048134245971,2021-11-30,2022-04-14,dd_gt_10pct
TDW,0.0,24710.399999999998,24710.399999999998,46.08140929624702,2021-11-30,2022-04-14,dd_gt_10pct
LXU,0.0,25635.61,25635.61,47.80679539663312,2021-11-30,2022-04-14,dd_gt_10pct
KOS,0.0,26323.5,26323.5,49.0896131835081,2021-11-30,2022-04-14,dd_gt_10pct
ATI,0.0,26720.73,26720.73,49.830391083289086,2021-11-30,2022-04-14,dd_gt_10pct
GLNG,0.0,27341.48,27341.48,50.988002243798235,2021-11-30,2022-04-14,dd_gt_10pct
PTEN,0.0,27494.520000000004,27494.520000000004,51.27340024944355,2021-11-30,2022-04-14,dd_gt_10pct
AMR,0.0,27572.16,27572.16,51.41818789423118,2021-11-30,2022-04-14,dd_gt_10pct
HP,0.0,28393.469999999998,28393.469999999998,52.94981515518611,2021-11-30,2022-04-14,dd_gt_10pct
TRVI,0.0,30831.999999999996,30831.999999999996,57.49732952205905,2021-11-30,2022-04-14,dd_gt_10pct
PDS,0.0,31135.86,31135.86,58.06398554659762,2021-11-30,2022-04-14,dd_gt_10pct
RES,0.0,32130.54,32130.54,59.91892339458029,2021-11-30,2022-04-14,dd_gt_10pct
BTU,0.0,32865.4,32865.4,61.28933360386222,2021-11-30,2022-04-14,dd_gt_10pct
GLNG,26468.32,25826.600000000002,-641.7199999999975,-40.56358682941309,2022-04-19,2022-04-20,dd_gt_10pct
TRVI,31124.850000000002,30753.21,-371.64000000000306,-23.49163406046759,2022-04-19,2022-04-20,dd_gt_10pct
EOLS,26551.199999999997,26334.75,-216.4499999999971,-13.68196155523652,2022-04-19,2022-04-20,dd_gt_10pct
AMR,27857.28,27665.44,-191.84000000000015,-12.12634559832114,2022-04-19,2022-04-20,dd_gt_10pct
LXU,26766.739999999998,26626.600000000002,-140.13999999999578,-8.858351085011845,2022-04-19,2022-04-20,dd_gt_10pct
PDS,29189.16,29053.079999999998,-136.08000000000175,-8.60171553909279,2022-04-19,2022-04-20,dd_gt_10pct
STNG,25675.65,25641.0,-34.650000000001455,-2.1902516418986906,2022-04-19,2022-04-20,dd_gt_10pct
IPI,25798.2,25785.059999999998,-13.140000000003056,-0.8305889343305709,2022-04-19,2022-04-20,dd_gt_10pct
KOS,7.35,7.35,0.0,0.0,2022-04-19,2022-04-20,dd_gt_10pct
ATI,29.73,29.96,0.23000000000000043,0.014538466887061433,2022-04-19,2022-04-20,dd_gt_10pct
NEXT,13510.800000000001,13569.12,58.31999999999971,3.686449516753987,2022-04-19,2022-04-20,dd_gt_10pct
AR,2777.58,2838.42,60.840000000000146,3.845740545255731,2022-04-19,2022-04-20,dd_gt_10pct
PTEN,28568.16,28630.399999999998,62.23999999999796,3.93423556108988,2022-04-19,2022-04-20,dd_gt_10pct
BTU,30563.039999999997,30700.8,137.76000000000204,8.707909558093952,2022-04-19,2022-04-20,dd_gt_10pct
TDW,24581.94,24938.670000000002,356.7300000000032,22.549162141832447,2022-04-19,2022-04-20,dd_gt_10pct
RES,31247.120000000003,31676.2,429.0799999999981,27.122458138696874,2022-04-19,2022-04-20,dd_gt_10pct
LNTH,26476.329999999998,27480.559999999998,1004.2299999999996,63.47810696518987,2022-04-19,2022-04-20,dd_gt_10pct
BBAI,25109.280000000002,26327.52,1218.239999999998,77.00583434997243,2022-04-19,2022-04-20,dd_gt_10pct
RES,28975.52,0.0,-28975.52,-89.68738895677863,2022-04-21,2022-06-07,dd_gt_10pct
PDS,27813.239999999998,0.0,-27813.239999999998,-86.0898052572735,2022-04-21,2022-06-07,dd_gt_10pct
PTEN,27494.520000000004,0.0,-27494.520000000004,-85.10327716016587,2022-04-21,2022-06-07,dd_gt_10pct
BTU,26814.0,0.0,-26814.0,-82.99687624198158,2022-04-21,2022-06-07,dd_gt_10pct
BBAI,26620.800000000003,0.0,-26620.800000000003,-82.39886786986439,2022-04-21,2022-06-07,dd_gt_10pct
EOLS,26142.35,0.0,-26142.35,-80.91793047007411,2022-04-21,2022-06-07,dd_gt_10pct
LNTH,25571.23,0.0,-25571.23,-79.15015334024191,2022-04-21,2022-06-07,dd_gt_10pct
GLNG,24743.04,0.0,-24743.04,-76.5866722134109,2022-04-21,2022-06-07,dd_gt_10pct
LXU,22982.96,0.0,-22982.96,-71.13872927554311,2022-04-21,2022-06-07,dd_gt_10pct
IPI,21639.39,0.0,-21639.39,-66.98000200574229,2022-04-21,2022-06-07,dd_gt_10pct
TRVI,30846.12,25799.15,-5046.9699999999975,-15.62179251461899,2022-04-21,2022-06-07,dd_gt_10pct
ATI,29.11,0.0,-29.11,-0.0901036424033745,2022-04-21,2022-06-07,dd_gt_10pct
KOS,6.93,0.0,-6.93,-0.021450300304204233,2022-04-21,2022-06-07,dd_gt_10pct
NFE,0.0,51.48,51.48,0.1593450879740886,2022-04-21,2022-06-07,dd_gt_10pct
SWX,0.0,93.5,93.5,0.2894088136281524,2022-04-21,2022-06-07,dd_gt_10pct
MUSA,0.0,246.06,246.06,0.7616249484635634,2022-04-21,2022-06-07,dd_gt_10pct
STNG,24878.7,27165.059999999998,2286.359999999997,7.076927648415632,2022-04-21,2022-06-07,dd_gt_10pct
TDW,22971.25,25743.120000000003,2771.8700000000026,8.57971773509591,2022-04-21,2022-06-07,dd_gt_10pct
BORR,0.0,4841.2,4841.2,14.984876454937018,2022-04-21,2022-06-07,dd_gt_10pct
AMR,24617.120000000003,31820.800000000003,7203.68,22.2974169257417,2022-04-21,2022-06-07,dd_gt_10pct
VHI,0.0,11610.0,11610.0,35.93621739275775,2022-04-21,2022-06-07,dd_gt_10pct
NEXT,12519.36,27352.170000000002,14832.810000000001,45.911721335527226,2022-04-21,2022-06-07,dd_gt_10pct
NC,0.0,23539.64,23539.64,72.86181054153798,2022-04-21,2022-06-07,dd_gt_10pct
MYE,0.0,24326.4,24326.4,75.29705415875814,2022-04-21,2022-06-07,dd_gt_10pct
TRMD,0.0,26140.4,26140.4,80.91189467128721,2022-04-21,2022-06-07,dd_gt_10pct
TH,0.0,26475.92,26475.92,81.95042349640505,2022-04-21,2022-06-07,dd_gt_10pct
SIGA,0.0,26733.66,26733.66,82.74820133196141,2022-04-21,2022-06-07,dd_gt_10pct
AR,2676.1800000000003,32995.73,30319.550000000003,93.84754005603688,2022-04-21,2022-06-07,dd_gt_10pct
CVI,0.0,30622.77,30622.77,94.78609129099226,2022-04-21,2022-06-07,dd_gt_10pct
CRK,0.0,31811.88,31811.88,98.46672139124223,2022-04-21,2022-06-07,dd_gt_10pct
PBF,0.0,32280.120000000003,32280.120000000003,99.91605596764059,2022-04-21,2022-06-07,dd_gt_10pct
AR,32053.19,0.0,-32053.19,-575.3522447723059,2022-06-08,2024-08-15,dd_gt_10pct
CRK,31397.2,0.0,-31397.2,-563.577275758358,2022-06-08,2024-08-15,dd_gt_10pct
PBF,30892.68,0.0,-30892.68,-554.5211813561309,2022-06-08,2024-08-15,dd_gt_10pct
AMR,30625.76,0.0,-30625.76,-549.7299883056224,2022-06-08,2024-08-15,dd_gt_10pct
CVI,30395.25,0.0,-30395.25,-545.5923518974378,2022-06-08,2024-08-15,dd_gt_10pct
STNG,27661.53,0.0,-27661.53,-496.5222924562729,2022-06-08,2024-08-15,dd_gt_10pct
NEXT,27506.050000000003,0.0,-27506.050000000003,-493.73143865928125,2022-06-08,2024-08-15,dd_gt_10pct
TH,26208.1,0.0,-26208.1,-470.43333803022637,2022-06-08,2024-08-15,dd_gt_10pct
TRMD,25646.84,0.0,-25646.84,-460.3587650812966,2022-06-08,2024-08-15,dd_gt_10pct
TDW,25589.2,0.0,-25589.2,-459.32413160523157,2022-06-08,2024-08-15,dd_gt_10pct
TRVI,25381.350000000002,0.0,-25381.350000000002,-455.59324041855336,2022-06-08,2024-08-15,dd_gt_10pct
SIGA,24539.440000000002,0.0,-24539.440000000002,-440.4810219967285,2022-06-08,2024-08-15,dd_gt_10pct
NC,23844.84,0.0,-23844.84,-428.0130065131262,2022-06-08,2024-08-15,dd_gt_10pct
MYE,23760.0,0.0,-23760.0,-426.49013517188115,2022-06-08,2024-08-15,dd_gt_10pct
VHI,11145.6,0.0,-11145.6,-200.06264522608242,2022-06-08,2024-08-15,dd_gt_10pct
BORR,4739.28,0.0,-4739.28,-85.06970403271855,2022-06-08,2024-08-15,dd_gt_10pct
MUSA,243.83,0.0,-243.83,-4.376729362750833,2022-06-08,2024-08-15,dd_gt_10pct
SWX,92.21,0.0,-92.21,-1.655162262802995,2022-06-08,2024-08-15,dd_gt_10pct
NFE,50.4,0.0,-50.4,-0.9046760443039903,2022-06-08,2024-08-15,dd_gt_10pct
CRVS,0.0,3.8,3.8,0.06820970175307862,2022-06-08,2024-08-15,dd_gt_10pct
PLSE,0.0,19.09,19.09,0.3426640017016503,2022-06-08,2024-08-15,dd_gt_10pct
AMSC,0.0,42.44,42.44,0.7617946690528045,2022-06-08,2024-08-15,dd_gt_10pct
ADMA,0.0,12875.88,12875.88,231.12103542327108,2022-06-08,2024-08-15,dd_gt_10pct
LTH,0.0,22207.5,22207.5,398.6228820214457,2022-06-08,2024-08-15,dd_gt_10pct
RYAM,0.0,23127.06,23127.06,415.1289118488302,2022-06-08,2024-08-15,dd_gt_10pct
CORZ,0.0,23427.8,23427.8,420.527171244941,2022-06-08,2024-08-15,dd_gt_10pct
INSM,0.0,24169.64,24169.64,433.8431410208631,2022-06-08,2024-08-15,dd_gt_10pct
CDNA,0.0,24295.95,24295.95,436.1103956072924,2022-06-08,2024-08-15,dd_gt_10pct
LUMN,0.0,24918.44,24918.44,447.28404225052225,2022-06-08,2024-08-15,dd_gt_10pct
TROO,0.0,25550.9,25550.9,458.6366496112466,2022-06-08,2024-08-15,dd_gt_10pct
CINT,0.0,25893.0,25893.0,464.777317761175,2022-06-08,2024-08-15,dd_gt_10pct
PSIX,0.0,26740.525,26740.525,479.9903249923008,2022-06-08,2024-08-15,dd_gt_10pct
EOSE,0.0,31303.879999999997,31303.879999999997,561.9021890826745,2022-06-08,2024-08-15,dd_gt_10pct
TSSI,0.0,32194.5,32194.5,577.8887481814448,2022-06-08,2024-08-15,dd_gt_10pct
HROW,0.0,32342.52,32342.52,580.5456955639423,2022-06-08,2024-08-15,dd_gt_10pct
CLOV,0.0,38623.200000000004,38623.200000000004,693.2834086182913,2022-06-08,2024-08-15,dd_gt_10pct
ASTS,0.0,39607.68,39607.68,710.9547473503626,2022-06-08,2024-08-15,dd_gt_10pct
DRUG,42558.479999999996,0.0,-42558.479999999996,-13.815771597661138,2025-01-08,2025-05-09,dd_gt_10pct
DXYZ,36835.4,0.0,-36835.4,-11.957886491916234,2025-01-08,2025-05-09,dd_gt_10pct
REAL,34466.04,0.0,-34466.04,-11.18872047394204,2025-01-08,2025-05-09,dd_gt_10pct
RCAT,34389.81,0.0,-34389.81,-11.163973907126454,2025-01-08,2025-05-09,dd_gt_10pct
MVST,33749.76,0.0,-33749.76,-10.95619429161662,2025-01-08,2025-05-09,dd_gt_10pct
UMAC,33005.08,0.0,-33005.08,-10.714448609126402,2025-01-08,2025-05-09,dd_gt_10pct
IONQ,31732.25,0.0,-31732.25,-10.301249440296804,2025-01-08,2025-05-09,dd_gt_10pct
SOUN,28282.66,0.0,-28282.66,-9.181408046864146,2025-01-08,2025-05-09,dd_gt_10pct
QBTS,27126.699999999997,0.0,-27126.699999999997,-8.806148419733844,2025-01-08,2025-05-09,dd_gt_10pct
RGTI,24577.92,0.0,-24577.92,-7.978737235577673,2025-01-08,2025-05-09,dd_gt_10pct
PDYN,23134.399999999998,0.0,-23134.399999999998,-7.510126922975911,2025-01-08,2025-05-09,dd_gt_10pct
QUBT,22366.87,0.0,-22366.87,-7.26096343841648,2025-01-08,2025-05-09,dd_gt_10pct
RR,10996.800000000001,0.0,-10996.800000000001,-3.569894345502002,2025-01-08,2025-05-09,dd_gt_10pct
RDDT,172.01,0.0,-172.01,-0.05583965575165496,2025-01-08,2025-05-09,dd_gt_10pct
ALAB,130.77,0.0,-130.77,-0.04245190269544748,2025-01-08,2025-05-09,dd_gt_10pct
CRDO,73.02,0.0,-73.02,-0.02370450359273208,2025-01-08,2025-05-09,dd_gt_10pct
BTDR,18.58,0.0,-18.58,-0.006031630741618215,2025-01-08,2025-05-09,dd_gt_10pct
TMC,0.0,3.11,3.11,0.0010096001941029414,2025-01-08,2025-05-09,dd_gt_10pct
IDR,0.0,14.33,14.33,0.00465195201977336,2025-01-08,2025-05-09,dd_gt_10pct
ROOT,0.0,147.42,147.42,0.04785699698220437,2025-01-08,2025-05-09,dd_gt_10pct
SHMD,0.0,21213.26,21213.26,6.886466692461787,2025-01-08,2025-05-09,dd_gt_10pct
STNE,0.0,25143.3,25143.3,8.162276707520414,2025-01-08,2025-05-09,dd_gt_10pct
PVLA,0.0,25183.62,25183.62,8.175365800712127,2025-01-08,2025-05-09,dd_gt_10pct
UAMY,0.0,25866.079999999998,25866.079999999998,8.396912986714536,2025-01-08,2025-05-09,dd_gt_10pct
ITRG,0.0,26959.28,26959.28,8.751798817001783,2025-01-08,2025-05-09,dd_gt_10pct
ORLA,0.0,27505.8,27505.8,8.929215761722405,2025-01-08,2025-05-09,dd_gt_10pct
AU,0.0,27865.6,27865.6,9.046017739162354,2025-01-08,2025-05-09,dd_gt_10pct
NUTX,0.0,29820.31,29820.31,9.680575808427616,2025-01-08,2025-05-09,dd_gt_10pct
CNL,0.0,30430.839999999997,30430.839999999997,9.878772337850657,2025-01-08,2025-05-09,dd_gt_10pct
FBYD,0.0,30583.18,30583.18,9.92822651584733,2025-01-08,2025-05-09,dd_gt_10pct
HRTG,0.0,35283.12,35283.12,11.453969389246744,2025-01-08,2025-05-09,dd_gt_10pct
ASM,0.0,37378.88,37378.88,12.134316560562878,2025-01-08,2025-05-09,dd_gt_10pct
TDUP,0.0,43740.83,43740.83,14.19959821807838,2025-01-08,2025-05-09,dd_gt_10pct
RGC,0.0,304520.32,304520.32,98.8565190290321,2025-01-08,2025-05-09,dd_gt_10pct
HRTG,38591.42,35604.56,-2986.8600000000006,-6.502152537591038,2025-05-13,2025-05-15,dd_gt_10pct
FBYD,7.78,7.15,-0.6299999999999999,-0.0013714590234166827,2025-05-13,2025-05-15,dd_gt_10pct
STNE,13.89,13.28,-0.6100000000000012,-0.0013279206417209177,2025-05-13,2025-05-15,dd_gt_10pct
SHMD,3.2,2.97,-0.22999999999999998,-0.0005006913895013286,2025-05-13,2025-05-15,dd_gt_10pct
ROMA,38616.340000000004,38616.340000000004,0.0,0.0,2025-05-13,2025-05-15,dd_gt_10pct
DBVT,25661.65,26292.1,630.4499999999971,1.3724386370048314,2025-05-13,2025-05-15,dd_gt_10pct
ASM,35072.19,38536.11,3463.9199999999983,7.54067355618018,2025-05-13,2025-05-15,dd_gt_10pct
TDUP,44232.299999999996,48093.85,3861.550000000003,8.406281891864596,2025-05-13,2025-05-15,dd_gt_10pct
ASST,38613.96,44435.16,5821.200000000004,12.67228137637016,2025-05-13,2025-05-15,dd_gt_10pct
AEVA,38616.079999999994,48569.560000000005,9953.48000000001,21.667920572059522,2025-05-13,2025-05-15,dd_gt_10pct
NUTX,31104.710000000003,42918.72,11814.009999999998,25.71814383688083,2025-05-13,2025-05-15,dd_gt_10pct
RGC,46517.799999999996,59898.0,13380.200000000004,29.127612738285563,2025-05-13,2025-05-15,dd_gt_10pct
GRPN,53216.86,0.0,-53216.86,47.02639528603988,2025-06-25,2025-06-26,dd_gt_10pct
ASM,50659.829999999994,3.6,-50656.229999999996,44.76363121913904,2025-06-25,2025-06-26,dd_gt_10pct
CTGO,43371.25,20.94,-43350.31,38.307574212991284,2025-06-25,2025-06-26,dd_gt_10pct
TMDX,42945.72,0.0,-42945.72,37.950048247183105,2025-06-25,2025-06-26,dd_gt_10pct
HRTG,40452.72,0.0,-40452.72,35.74704710340842,2025-06-25,2025-06-26,dd_gt_10pct
QBTS,34769.36,0.0,-34769.36,30.724805394429954,2025-06-25,2025-06-26,dd_gt_10pct
AEVA,67820.25,53125.48,-14694.769999999997,12.985397159047718,2025-06-25,2025-06-26,dd_gt_10pct
ASST,32263.5,27331.5,-4932.0,4.358283851222126,2025-06-25,2025-06-26,dd_gt_10pct
MFI,54523.2,53099.28,-1423.9199999999983,1.258282145464761,2025-06-25,2025-06-26,dd_gt_10pct
TDUP,54397.76,53100.32,-1297.4400000000023,1.1465149634893848,2025-06-25,2025-06-26,dd_gt_10pct
NUTX,241.18,0.0,-241.18,0.21312467543344532,2025-06-25,2025-06-26,dd_gt_10pct
SBET,10.28,0.0,-10.28,0.009084176397113432,2025-06-25,2025-06-26,dd_gt_10pct
ROMA,3.12,3.2813,0.16129999999999978,-0.00014253673665898782,2025-06-25,2025-06-26,dd_gt_10pct
GSIW,79.92,85.68,5.760000000000005,-0.00508996654157329,2025-06-25,2025-06-26,dd_gt_10pct
MVST,42287.7,42614.32,326.6200000000026,-0.288625845800118,2025-06-25,2025-06-26,dd_gt_10pct
CMP,42234.829999999994,42689.9,455.070000000007,-0.40213386702669973,2025-06-25,2025-06-26,dd_gt_10pct
CTMX,39640.77,41434.47,1793.7000000000044,-1.5850473933368099,2025-06-25,2025-06-26,dd_gt_10pct
DAVE,44769.780000000006,48119.94,3350.159999999996,-2.960451789742559,2025-06-25,2025-06-26,dd_gt_10pct
SEZL,30958.0,44159.04,13201.04,-11.665425679508786,2025-06-25,2025-06-26,dd_gt_10pct
RGC,18970.29,44236.29,25266.0,-22.326926152671987,2025-06-25,2025-06-26,dd_gt_10pct
CAR,0.0,41956.200000000004,41956.200000000004,-37.075634411728664,2025-06-25,2025-06-26,dd_gt_10pct
TMC,7.49,44243.159999999996,44235.67,-39.08994448681894,2025-06-25,2025-06-26,dd_gt_10pct
NNNN,0.0,44236.6,44236.6,-39.09076630433347,2025-06-25,2025-06-26,dd_gt_10pct
RGC,31988.6,22698.76,-9289.84,-53.85690802107818,2025-07-01,2025-07-02,dd_gt_10pct
TDUP,52761.67,51271.61,-1490.0599999999977,-8.638472176688474,2025-07-01,2025-07-02,dd_gt_10pct
MVST,38918.18,38592.049999999996,-326.13000000000466,-1.8907056970749205,2025-07-01,2025-07-02,dd_gt_10pct
ASM,3.47,3.37,-0.10000000000000009,-0.0005797398881044048,2025-07-01,2025-07-02,dd_gt_10pct
ROMA,3.145,3.28,0.1349999999999998,0.0007826488489409446,2025-07-01,2025-07-02,dd_gt_10pct
GSIW,86.24000000000001,86.8,0.5599999999999881,0.0032465433733845947,2025-07-01,2025-07-02,dd_gt_10pct
CTGO,19.28,20.1,0.8200000000000003,0.004753867082456117,2025-07-01,2025-07-02,dd_gt_10pct
SEZL,45079.020000000004,46348.700000000004,1269.6800000000003,7.360841411284001,2025-07-01,2025-07-02,dd_gt_10pct
CAR,40222.259999999995,41558.4,1336.1400000000067,7.746136540918227,2025-07-01,2025-07-02,dd_gt_10pct
CMP,46178.77,47717.34,1538.5699999999997,8.91970399640793,2025-07-01,2025-07-02,dd_gt_10pct
DAVE,51612.66,53465.939999999995,1853.2799999999916,10.744203398261254,2025-07-01,2025-07-02,dd_gt_10pct
CTMX,42331.32,44483.76,2152.4400000000023,12.478553247514453,2025-07-01,2025-07-02,dd_gt_10pct
TMC,36602.28,39313.56,2711.279999999999,15.718371638197084,2025-07-01,2025-07-02,dd_gt_10pct
ASST,25619.0,28770.0,3151.0,18.267603874169776,2025-07-01,2025-07-02,dd_gt_10pct
AEVA,45368.78,48883.04,3514.260000000002,20.37356699169785,2025-07-01,2025-07-02,dd_gt_10pct
MFI,51481.560000000005,56049.24,4567.679999999993,26.480662920967212,2025-07-01,2025-07-02,dd_gt_10pct
NNNN,41343.6,47603.00000000001,6259.400000000009,36.28823855600713,2025-07-01,2025-07-02,dd_gt_10pct
ASST,45621.0,0.0,-45621.0,99.36110900562042,2025-07-11,2025-09-11,dd_gt_10pct
CAR,44784.09,0.0,-44784.09,97.53834524029537,2025-07-11,2025-09-11,dd_gt_10pct
CTMX,43407.54,0.0,-43407.54,94.54026245820629,2025-07-11,2025-09-11,dd_gt_10pct
GSIW,42739.200000000004,0.0,-42739.200000000004,93.08463887273433,2025-07-11,2025-09-11,dd_gt_10pct
PRME,42738.75,0.0,-42738.75,93.08365878682974,2025-07-11,2025-09-11,dd_gt_10pct
ROMA,42738.132600000004,0.0,-42738.132600000004,93.08231410896867,2025-07-11,2025-09-11,dd_gt_10pct
TNGX,42737.509999999995,0.0,-42737.509999999995,93.08095810567046,2025-07-11,2025-09-11,dd_gt_10pct
OUST,42735.54,0.0,-42735.54,93.07666750737712,2025-07-11,2025-09-11,dd_gt_10pct
RGC,42730.75,0.0,-42730.75,93.0662350374151,2025-07-11,2025-09-11,dd_gt_10pct
AEVA,42725.700000000004,0.0,-42725.700000000004,93.05523629559713,2025-07-11,2025-09-11,dd_gt_10pct
SEZL,42709.409999999996,0.0,-42709.409999999996,93.01975718585157,2025-07-11,2025-09-11,dd_gt_10pct
NEGG,42691.08,0.0,-42691.08,92.9798350200053,2025-07-11,2025-09-11,dd_gt_10pct
MFI,42728.98,71.4,-42657.58,92.90687306933152,2025-07-11,2025-09-11,dd_gt_10pct
TMC,40484.340000000004,0.0,-40484.340000000004,88.17362442209945,2025-07-11,2025-09-11,dd_gt_10pct
LEU,18782.4,0.0,-18782.4,40.907478875674904,2025-07-11,2025-09-11,dd_gt_10pct
NNNN,51328.92,40127.97,-11200.949999999997,24.395318250728913,2025-07-11,2025-09-11,dd_gt_10pct
PROK,13.620000000000001,0.0,-13.620000000000001,0.029663933378412357,2025-07-11,2025-09-11,dd_gt_10pct
MVST,3.01,0.0,-3.01,0.006555685717255594,2025-07-11,2025-09-11,dd_gt_10pct
TLRY,0.0,2.12,2.12,-0.004617293594877694,2025-07-11,2025-09-11,dd_gt_10pct
ESPR,0.0,2.79,2.79,-0.0060765326083531915,2025-07-11,2025-09-11,dd_gt_10pct
GPRE,0.0,19.54,19.54,-0.04255750794524063,2025-07-11,2025-09-11,dd_gt_10pct
MP,0.0,63.03,63.03,-0.13727736570053822,2025-07-11,2025-09-11,dd_gt_10pct
VOR,0.0,38706.69,38706.69,-84.3019584037342,2025-07-11,2025-09-11,dd_gt_10pct
SATS,0.0,40291.920000000006,40291.920000000006,-87.754539689304,2025-07-11,2025-09-11,dd_gt_10pct
AMPX,0.0,41229.100000000006,41229.100000000006,-89.7956883738547,2025-07-11,2025-09-11,dd_gt_10pct
LWLG,0.0,42086.63,42086.63,-91.66336185329594,2025-07-11,2025-09-11,dd_gt_10pct
CRML,0.0,42631.89,42631.89,-92.85092105402379,2025-07-11,2025-09-11,dd_gt_10pct
URGN,0.0,42754.25,42754.25,-93.11741730132059,2025-07-11,2025-09-11,dd_gt_10pct
VSAT,0.0,44737.82,44737.82,-97.43757062961849,2025-07-11,2025-09-11,dd_gt_10pct
CELC,0.0,46575.73,46575.73,-101.44048104044947,2025-07-11,2025-09-11,dd_gt_10pct
BE,0.0,51746.01,51746.01,-112.70118893088544,2025-07-11,2025-09-11,dd_gt_10pct
IREN,162.3,52954.200000000004,52791.9,-114.97910459029421,2025-07-11,2025-09-11,dd_gt_10pct
ONDS,0.0,53684.04,53684.04,-116.92215756564053,2025-07-11,2025-09-11,dd_gt_10pct
OPEN,0.0,88262.8,88262.8,-192.2336137292316,2025-07-11,2025-09-11,dd_gt_10pct
CRML,41176.8,37319.04,-3857.760000000002,-10.178200831719977,2025-10-22,2025-10-23,dd_gt_10pct
UAMY,31398.449999999997,28093.350000000002,-3305.099999999995,-8.720078897836471,2025-10-22,2025-10-23,dd_gt_10pct
AREC,3.72,3.63,-0.0900000000000003,-0.00023745336020250106,2025-10-22,2025-10-23,dd_gt_10pct
PEPG,4.55,4.5,-0.04999999999999982,-0.00013191853344583302,2025-10-22,2025-10-23,dd_gt_10pct
OPEN,6.82,7.03,0.20999999999999996,0.0005540578404725005,2025-10-22,2025-10-23,dd_gt_10pct
LWLG,4.37,4.69,0.3200000000000003,0.000844278614053335,2025-10-22,2025-10-23,dd_gt_10pct
WOLF,52651.28,52847.74,196.45999999999913,0.5183343016153666,2025-10-22,2025-10-23,dd_gt_10pct
NRGV,51367.04,52140.64,773.5999999999985,2.041043549473932,2025-10-22,2025-10-23,dd_gt_10pct
RLMD,50921.3,52586.95,1665.6499999999942,4.394602104681035,2025-10-22,2025-10-23,dd_gt_10pct
ONDS,46479.04,48685.759999999995,2206.719999999994,5.822145322511777,2025-10-22,2025-10-23,dd_gt_10pct
BITF,42394.4,44815.4,2421.0,6.387495389447258,2025-10-22,2025-10-23,dd_gt_10pct
RGTI,27982.56,30725.719999999998,2743.159999999996,7.237472884145442,2025-10-22,2025-10-23,dd_gt_10pct
BW,47352.36,50914.920000000006,3562.560000000005,9.399353810255784,2025-10-22,2025-10-23,dd_gt_10pct
BE,53696.530000000006,57707.98,4011.449999999997,10.583692019825767,2025-10-22,2025-10-23,dd_gt_10pct
APLD,45685.04,49802.96000000001,4117.9200000000055,10.864599344945347,2025-10-22,2025-10-23,dd_gt_10pct
IREN,53333.07,57479.94,4146.870000000003,10.940980175810477,2025-10-22,2025-10-23,dd_gt_10pct
SNDK,53048.95,60305.05,7256.100000000006,19.144281410726265,2025-10-22,2025-10-23,dd_gt_10pct
BETR,39162.420000000006,51125.579999999994,11963.159999999989,31.563250451557117,2025-10-22,2025-10-23,dd_gt_10pct
SNDK,46050.6,0.0,-46050.6,123.75056886226339,2025-11-20,2025-11-21,dd_gt_10pct
ANRO,60080.9,56259.5,-3821.4000000000015,10.269147934017223,2025-11-20,2025-11-21,dd_gt_10pct
AXTI,57550.49999999999,54383.7,-3166.7999999999956,8.510058532853321,2025-11-20,2025-11-21,dd_gt_10pct
BW,59207.04,56480.4,-2726.6399999999994,7.327228116085388,2025-11-20,2025-11-21,dd_gt_10pct
RLMD,56596.32000000001,55941.27,-655.0500000000102,1.760298674354447,2025-11-20,2025-11-21,dd_gt_10pct
IRWD,52675.89,52509.72,-166.16999999999825,0.44654428015795866,2025-11-20,2025-11-21,dd_gt_10pct
HYMC,9.78,9.6,-0.17999999999999972,0.00048370927621371653,2025-11-20,2025-11-21,dd_gt_10pct
NRGV,2.93,3.01,0.07999999999999963,-0.0002149819005394289,2025-11-20,2025-11-21,dd_gt_10pct
DVLT,1.74,2.55,0.8099999999999998,-0.0021766917429617274,2025-11-20,2025-11-21,dd_gt_10pct
ARWR,38.09,40.45,2.3599999999999994,-0.006341966065913181,2025-11-20,2025-11-21,dd_gt_10pct
GSAT,1303.065,1306.3999999999999,3.334999999999809,-0.00896205797873697,2025-11-20,2025-11-21,dd_gt_10pct
TERN,53107.74,53524.71,416.97000000000116,-1.1205125383490793,2025-11-20,2025-11-21,dd_gt_10pct
BETR,43719.0,44509.399999999994,790.3999999999942,-2.124021177329552,2025-11-20,2025-11-21,dd_gt_10pct
PRAX,43155.67,44657.4,1501.7300000000032,-4.035559618713484,2025-11-20,2025-11-21,dd_gt_10pct
IVVD,43953.6,45785.0,1831.4000000000015,-4.9214731580989035,2025-11-20,2025-11-21,dd_gt_10pct
GLUE,51659.92,54334.62,2674.7000000000044,-7.1876511171601765,2025-11-20,2025-11-21,dd_gt_10pct
INBX,53652.48,56400.96000000001,2748.480000000003,-7.385918174932662,2025-11-20,2025-11-21,dd_gt_10pct
PEPG,49484.979999999996,54054.32,4569.340000000004,-12.279067467635493,2025-11-20,2025-11-21,dd_gt_10pct
GRAL,52417.8,57252.6,4834.799999999996,-12.992431159100434,2025-11-20,2025-11-21,dd_gt_10pct
