arm,split,n_days,n_cycles,equity_final,mean_cvar5,mean_sharpe_cost_adj,mean_veto_rate,avg_tickers,cash_idle_days_pct,turnover_mean_pct,defensive_sells_total,defensive_sells_per_cycle,offset
Zero-A,TRAIN,503,45,71386.11281413272,-0.04514201308739732,-0.5628531476317155,0.0,17.63220675944334,12.524850894632205,8.133876303704895,0,0.0,0
Zero-B,TRAIN,503,45,71012.49264134454,-0.047581938092303634,-0.5583295903162239,0.025447316103379723,14.371769383697814,12.524850894632205,13.810188482265461,256,5.688888888888889,0
A1,TRAIN,503,45,71012.49264134454,-0.047581938092303634,-0.5583295903162239,0.025447316103379723,14.371769383697814,12.524850894632205,13.810188482265461,256,5.688888888888889,0
A2,TRAIN,503,45,68456.78204892963,-0.0472371646740382,-0.6252763572497724,0.029125248508946325,15.107355864811133,12.524850894632205,14.00868955407478,293,6.511111111111111,0
Zero-A,TRAIN,503,45,74752.74701696949,-0.04550568910550755,-0.46987917317036043,0.0,17.624254473161034,12.72365805168986,8.206788172795926,0,0.0,1
Zero-B,TRAIN,503,45,80724.47684638397,-0.04815591557076529,-0.3320476965854065,0.0231610337972167,14.506958250497018,12.72365805168986,13.212278111131164,233,5.177777777777778,1
A1,TRAIN,503,45,80724.47684638397,-0.04815591557076529,-0.3320476965854065,0.0231610337972167,14.506958250497018,12.72365805168986,13.212278111131164,233,5.177777777777778,1
A2,TRAIN,503,45,73916.8521213394,-0.04565769963370877,-0.49402444648639615,0.025646123260437376,15.296222664015904,12.72365805168986,13.28828274038096,258,5.733333333333333,1
Zero-A,TRAIN,503,45,84034.67635488126,-0.04594366182698779,-0.28399011382905986,0.0,17.433399602385688,12.922465208747516,8.086539514906116,0,0.0,2
Zero-B,TRAIN,503,45,98089.19818222453,-0.04572697108769405,-0.030797716000905275,0.02375745526838966,14.423459244532804,12.922465208747516,13.50462860473461,239,5.311111111111111,2
A1,TRAIN,503,45,98089.19818222453,-0.04572697108769405,-0.030797716000905275,0.02375745526838966,14.423459244532804,12.922465208747516,13.50462860473461,239,5.311111111111111,2
A2,TRAIN,503,45,78923.62241581088,-0.04577345296267131,-0.39189683534408953,0.026143141153081514,15.05168986083499,12.922465208747516,13.709741933944864,263,5.844444444444444,2
Zero-A,TRAIN,503,45,80674.27133195772,-0.046667438675678255,-0.3520446732079694,0.0,17.421471172962228,13.12127236580517,7.622150948545987,0,0.0,3
Zero-B,TRAIN,503,45,68264.56783854395,-0.0487602496920937,-0.6161525458406567,0.024652087475149104,14.326043737574553,13.12127236580517,13.350201005235759,248,5.511111111111111,3
A1,TRAIN,503,45,68264.56783854395,-0.0487602496920937,-0.6161525458406567,0.024652087475149104,14.326043737574553,13.12127236580517,13.350201005235759,248,5.511111111111111,3
A2,TRAIN,503,45,71683.45249849177,-0.04722320181056143,-0.5544919022447721,0.02664015904572565,15.06361829025845,13.12127236580517,13.211594960985803,268,5.955555555555556,3
Zero-A,TRAIN,503,45,80565.17014005764,-0.04662223424952884,-0.3510869066551467,0.0,17.369781312127238,13.320079522862823,7.905955566476253,0,0.0,4
Zero-B,TRAIN,503,45,79512.37640333,-0.049444423089003285,-0.3610145018542651,0.02584493041749503,14.075546719681908,13.320079522862823,13.786845486610252,260,5.777777777777778,4
A1,TRAIN,503,45,79245.59511175525,-0.049791781728390064,-0.3652368332214498,0.025944333996023857,14.216699801192844,13.320079522862823,13.873484101951547,261,5.8,4
A2,TRAIN,503,45,76609.57283504907,-0.04798006966902275,-0.4333505318191054,0.028727634194831014,14.809145129224651,13.320079522862823,13.75632475746768,289,6.4222222222222225,4
Zero-A,TRAIN,503,45,83560.82423676345,-0.04572411609194792,-0.2962611482228385,0.0,17.46123260437376,13.518886679920477,8.057153965271612,0,0.0,5
Zero-B,TRAIN,503,45,74987.96529519942,-0.04849220269143962,-0.46444819636829815,0.024552683896620277,14.278330019880716,13.518886679920477,13.821629680673539,247,5.488888888888889,5
A1,TRAIN,503,45,75828.71623403612,-0.04843141272670209,-0.4451478907714231,0.024950298210735588,14.256461232604373,13.518886679920477,13.819228279616752,251,5.5777777777777775,5
A2,TRAIN,503,45,75241.63871980362,-0.045901122655136045,-0.4716482380128789,0.02773359840954274,15.141153081510934,13.717693836978132,13.792872268037312,279,6.2,5
Zero-A,TRAIN,503,45,80788.92077425124,-0.046877528168776696,-0.3476276812296259,0.0,17.220675944333998,13.717693836978132,8.19700519297408,0,0.0,6
Zero-B,TRAIN,503,45,73339.39865369993,-0.0485190908870836,-0.49946997984240643,0.02485089463220676,14.548707753479125,13.717693836978132,13.981463800328395,250,5.555555555555555,6
A1,TRAIN,503,45,73339.39865369993,-0.0485190908870836,-0.49946997984240643,0.02485089463220676,14.548707753479125,13.717693836978132,13.981463800328395,250,5.555555555555555,6
A2,TRAIN,503,45,66147.64835019095,-0.04621631336480822,-0.6889339994144418,0.028031809145129226,15.019880715705765,14.7117296222664,13.939321459819745,282,6.266666666666667,6
Zero-A,TRAIN,503,45,77009.66398669564,-0.042683710214955,-0.4533512808040912,0.0,17.16500994035785,13.916500994035786,8.159520567689887,0,0.0,7
Zero-B,TRAIN,503,45,67807.49286926127,-0.04539677027082389,-0.6558735828135036,0.026739562624254476,14.330019880715707,13.916500994035786,14.39932007400124,269,5.977777777777778,7
A1,TRAIN,503,45,67807.49286926127,-0.04539677027082389,-0.6558735828135036,0.026739562624254476,14.330019880715707,13.916500994035786,14.39932007400124,269,5.977777777777778,7
A2,TRAIN,503,45,55535.88096728591,-0.046055434403130424,-0.9925449445008465,0.028330019880715707,15.14314115308151,15.109343936381709,14.387485355904003,285,6.333333333333333,7
Zero-A,TRAIN,503,45,85872.55625866767,-0.043097812387183826,-0.2661595899397043,0.0,17.218687872763418,14.115308151093439,7.882033723699086,0,0.0,8
Zero-B,TRAIN,503,45,74702.76862164546,-0.04400781295697982,-0.5051337784076818,0.026441351888667995,14.26441351888668,14.115308151093439,13.825805062712357,266,5.911111111111111,8
A1,TRAIN,503,45,74702.76862164546,-0.04400781295697982,-0.5051337784076818,0.026441351888667995,14.26441351888668,14.115308151093439,13.825805062712357,266,5.911111111111111,8
A2,TRAIN,503,45,70206.15608174632,-0.0447575927121343,-0.606844743968224,0.028528827037773364,14.944333996023857,14.115308151093439,13.728774048737014,287,6.377777777777778,8
Zero-A,TRAIN,503,45,74522.61617271653,-0.045633162709763156,-0.5021038372910022,0.0,17.399602385685885,14.314115308151093,7.822755797262773,0,0.0,9
Zero-B,TRAIN,503,45,69407.80361787151,-0.04935296212236025,-0.5923237555149617,0.02614314115308151,14.302186878727634,14.314115308151093,13.52168406442419,263,5.844444444444444,9
A1,TRAIN,503,45,69407.80361787151,-0.04935296212236025,-0.5923237555149617,0.02614314115308151,14.302186878727634,14.314115308151093,13.52168406442419,263,5.844444444444444,9
A2,TRAIN,503,45,67024.85250114667,-0.047150062564754,-0.6644087016430562,0.029224652087475152,14.866799204771372,14.512922465208748,13.80988447881755,294,6.533333333333333,9
